Image_Name,Image_Category,Chlorophyll,Nitrogen (%),Tannin,Chemical_Category
20250210_105946.jpg,Healthy,2.6236203565420877,1.8920115459159117,1.171164163453763,Toxic
20250210_110150.jpg,Healthy,4.352142919229749,1.3702658576772393,1.8465612240796003,Toxic
20250210_110252.jpg,Healthy,3.695981825434216,2.083801894756716,1.785117051207718,Toxic
20250210_110407.jpg,Healthy,3.29597545259111,2.7458916717528163,1.7409363972159997,Toxic
20250210_110447.jpg,Healthy,1.9680559213273097,2.4644497728191226,3.71876374156311,Toxic
20250210_110533.jpg,Healthy,1.967983561008608,2.6131222957228992,1.7486385995485183,Toxic
20250210_110618.jpg,Healthy,1.6742508365045985,2.317566733421435,1.815849178385893,Toxic
20250210_110745.jpg,Healthy,4.098528437324806,2.384553129035705,3.278194787253891,Deficient
20250210_110844.jpg,Healthy,3.3033450352296265,2.698391303130639,2.34921952735162,Toxic
20250210_110954.jpg,Healthy,3.6242177333881367,1.499336017718372,3.330131670865544,Toxic
20250210_111044.jpg,Healthy,1.5617534828874071,1.978849927286281,1.1960984726931558,Toxic
20250210_111127.jpg,Healthy,4.409729556485983,1.4424188836392045,2.462713581020153,Toxic
20250210_111216.jpg,Healthy,3.997327922401265,2.9753360159932942,1.100840800549848,Toxic
20250210_111241.jpg,Healthy,2.137017332034828,2.8881186793732265,1.1879596103660637,Toxic
20250210_111313.jpg,Healthy,2.0454749016213016,1.0788536227370118,3.719312360033233,Toxic
20250210_111329.jpg,Healthy,2.0502135295603017,2.411150345031377,1.4177361133527857,Toxic
20250210_111457.jpg,Healthy,2.412726728878613,2.850496634831332,2.5972620468256515,Toxic
20250210_111514.jpg,Healthy,3.0742692948967134,1.361150690254667,2.2332868078021195,Toxic
20250210_111604.jpg,Healthy,2.7958350559263474,2.1358904611052587,2.042029978776528,Toxic
20250210_111713.jpg,Healthy,2.3736874205941256,2.830976595176084,3.699500037061817,Toxic
20250210_111814.jpg,Healthy,3.3355586841671383,1.0678919571715977,1.0654701903264685,Toxic
20250210_111919.jpg,Healthy,1.9184815819561252,2.39484053449368,2.991369058526767,Toxic
20250210_112013.jpg,Healthy,2.3764339456056547,1.5946980147451015,3.890183302640651,Toxic
20250210_112318.jpg,Healthy,2.599085529881075,2.848792390753061,2.6805045503855256,Deficient
20250210_112455.jpg,Healthy,2.868209952651108,2.9421164903307355,3.8104673860992753,Deficient
20250210_112528.jpg,Healthy,3.855527884179041,2.888532978226868,1.1567736378580713,Toxic
20250210_112606.jpg,Healthy,2.0990213464750798,1.9484284333149275,2.2563799572224843,Toxic
20250210_112714.jpg,Healthy,3.0427033152408347,2.724085301978626,1.7804733728861537,Toxic
20250210_112832.jpg,Healthy,3.2772437065861277,2.689098797070141,3.1924628949421896,Deficient
20250210_113024.jpg,Healthy,1.639351238159993,1.6382009464865113,3.94389127149174,Toxic
20250210_113051.jpg,Healthy,3.3226345557043158,2.6578309483013545,1.7695901873327435,Toxic
20250210_113126.jpg,Healthy,2.0115723710618747,1.0740152694309852,2.9625238044222235,Toxic
20250210_113301.jpg,Healthy,1.6951547789558383,2.192539756964106,1.5942928982792204,Toxic
20250210_113403.jpg,Healthy,4.34665661176,1.460017674575406,2.6959907637148297,Toxic
20250210_113509.jpg,Healthy,4.396896099223678,1.2411337715545576,2.3917974600650087,Toxic
20250210_113538.jpg,Healthy,3.9251920443493833,1.1539064032584183,3.9160159888946113,Toxic
20250210_113559.jpg,Healthy,2.413841307520112,2.3925775517562795,2.8255818180893995,Toxic
20250210_113633.jpg,Healthy,1.7930163420191516,1.6797499275361325,2.048519116260456,Toxic
20250210_113654.jpg,Healthy,3.552699079536471,2.449533543057523,1.3422873546638,Toxic
20250210_113802.jpg,Healthy,2.820457481218804,1.1307126815978847,1.4537404862048038,Toxic
20250210_113826.jpg,Healthy,1.8661147045343365,1.630580675661221,1.6759507898537054,Toxic
20250210_113844.jpg,Healthy,2.9855307303338106,2.0789825847506744,1.752899984020894,Toxic
20250210_113859.jpg,Healthy,1.6031655633456552,2.5814463296779278,3.551848173523413,Toxic
20250210_113920.jpg,Healthy,4.227961206236346,1.6375050058641398,2.6836683648475748,Toxic
20250210_113938.jpg,Healthy,2.2763399448000508,2.251782752874018,2.5701727341230995,Toxic
20250210_114007.jpg,Healthy,3.4875668530619457,2.7719554964723745,1.3443066156076524,Toxic
20250210_114036.jpg,Healthy,2.4351332282682328,2.231726376364609,3.580419080048305,Toxic
20250210_114114.jpg,Healthy,3.0602040635334324,1.4659189495072675,3.168442909625451,Toxic
20250210_114251.jpg,Healthy,3.140130838029839,1.048801563113076,1.2030050857000048,Toxic
20250210_114319.jpg,Healthy,2.054563366576581,2.74019774780186,3.1235052916893062,Toxic
20250210_114358.jpg,Healthy,4.408753883293676,1.0425388217007745,2.6306146520279383,Toxic
20250210_114512.jpg,Healthy,3.825398470083344,2.749403345368399,1.2451760372403349,Toxic
20250210_114549.jpg,Healthy,4.318496824692567,2.057874268054424,2.374901924585969,Toxic
20250210_114721.jpg,Healthy,4.184482051282947,2.878135397025792,2.454088861390141,Toxic
20250210_114739.jpg,Healthy,3.2936999364332555,2.5975664715473306,1.4973236204898273,Toxic
20250210_114759.jpg,Healthy,4.265622705069351,2.995868221066675,3.837094441000847,Healthy
20250210_114825.jpg,Healthy,1.7654775061557584,1.7014236309034203,3.549926114441986,Toxic
20250210_114952.jpg,Healthy,2.0879485872574355,2.534376577862254,3.007067011987325,Toxic
20250210_115126.jpg,Healthy,1.6356818667316142,1.8038618272184843,2.386886683001822,Toxic
20250210_115223.jpg,Healthy,2.475990992289793,1.9597512406078177,2.2352966247535253,Toxic
20250210_115331.jpg,Healthy,2.666031869068446,2.25501092643674,2.9529204014528627,Deficient
20250210_115426.jpg,Healthy,2.314047095321688,2.7473542283726777,2.6362956082207165,Toxic
20250210_115504.jpg,Healthy,3.986212527455788,2.96816693839859,1.1868193176456567,Toxic
20250210_115559.jpg,Healthy,2.570259980080768,2.5365468277290364,2.537507946310995,Deficient
20250210_115630.jpg,Healthy,2.3428035290621425,1.8355335643346675,3.4192108516985185,Toxic
20250210_115651.jpg,Healthy,3.1280882494747453,1.8427140045541404,2.3777196327908743,Toxic
20250210_115710.jpg,Healthy,1.922772674924288,2.4751646031777828,1.1558697326628051,Toxic
20250210_115728.jpg,Healthy,3.906590942262119,1.477554291536605,3.3588345981520997,Toxic
20250210_115833.jpg,Healthy,1.7236519310393126,1.220948226262789,1.6040913464079232,Toxic
20250210_115949.jpg,Healthy,4.460660809801552,1.709244315281553,1.7758625046641163,Toxic
20250210_120122.jpg,Healthy,3.816734307889973,1.5744779833081637,1.4941190602968877,Toxic
20250210_120200.jpg,Healthy,2.096147044602517,1.5926162409119802,1.9906451946144927,Toxic
20250210_120248.jpg,Healthy,1.5165663513708072,1.46721550209982,3.270254517065905,Toxic
20250210_120326.jpg,Healthy,3.9463842853645024,1.0841863792727238,2.558157578511812,Toxic
20250210_120359.jpg,Healthy,3.620572031542851,1.0357478694668276,1.6146438224521376,Toxic
20250210_120445.jpg,Healthy,3.6870215041229617,2.9754447794720638,3.633490234456122,Deficient
20250210_120533.jpg,Healthy,3.813811040057837,1.855546267471725,3.638745564854588,Toxic
20250210_120605.jpg,Healthy,1.722133955202271,1.7686532943193634,3.6117352751380207,Toxic
20250210_120629.jpg,Healthy,2.5753971856328177,2.35929456538614,1.716388634144618,Toxic
20250210_120708.jpg,Healthy,1.8476071785753887,1.4365077757301283,2.3537180325429645,Toxic
20250210_120730.jpg,Healthy,4.0893102776267805,2.8999223679004507,3.954968968422625,Healthy
20250210_120848.jpg,Healthy,3.3698943804826738,2.5726900288311043,3.316037428929971,Deficient
20250210_120934.jpg,Healthy,2.492694074557948,1.178822004624519,1.0815022636766796,Toxic
20250210_121002.jpg,Healthy,1.6906750508580708,1.8351615515698567,1.195613773781476,Toxic
20250210_121026.jpg,Healthy,2.4329469651469866,2.7582366151243294,2.391794130436998,Toxic
20250210_121048.jpg,Healthy,2.475549966080241,2.8894640445828204,3.727660617584681,Toxic
20250210_121148.jpg,Healthy,3.688818535014192,1.9348030224997397,2.6161053938581427,Deficient
20250210_121237.jpg,Healthy,3.4126724140656397,2.226822778421416,2.4934375241028706,Toxic
20250210_121358.jpg,Healthy,4.16163822772898,1.3340678921841505,1.3164210998698918,Toxic
20250210_121450.jpg,Healthy,2.916644775485848,2.982337252273953,2.970340314172882,Deficient
20250210_121536.jpg,Healthy,1.858782737814905,1.4633434027668868,3.466309481800677,Toxic
20250210_121640.jpg,Healthy,3.639734361668985,2.885463548270251,2.1412600225226868,Toxic
20250210_121719.jpg,Healthy,3.782355145850692,2.299293297984737,3.3268355527759823,Deficient
20250210_121808.jpg,Healthy,3.1838315927084886,2.2154735897577185,3.893429961702435,Deficient
20250210_121912.jpg,Healthy,3.8129015398636823,2.025377022033017,1.6112993773830673,Toxic
20250210_121955.jpg,Healthy,2.981386789093172,1.4613396234355174,2.569988893584224,Toxic
20250210_122128.jpg,Healthy,3.068198488145982,1.3530560640110163,1.8614138742537265,Toxic
20250210_123026.jpg,Healthy,2.782623055075649,1.4409724181403507,3.378563257101518,Toxic
20250210_123210.jpg,Healthy,1.5762573802322857,1.372876524288509,2.7327800976434724,Toxic
20250210_123419.jpg,Healthy,1.8236742809799131,2.5591689471335064,2.9037472526509114,Toxic
20250210_123550.jpg,Healthy,1.5942875570602029,1.7002505183334602,3.393742478847682,Toxic
20250210_123809.jpg,Healthy,3.409231233791341,1.1156853531267927,2.1879114179873644,Toxic
20250210_124002.jpg,Healthy,2.44306794322898,2.938205260281623,3.7452702052211295,Toxic
20250210_124103.jpg,Healthy,3.025712073494108,2.7675717699268514,2.59908660173842,Deficient
20250210_124153.jpg,Healthy,4.222699421778279,2.855504566390426,1.473864468506044,Toxic
20250210_124241.jpg,Healthy,2.2478766874466247,2.989815645292871,3.0876973545064077,Toxic
20250210_124414.jpg,Healthy,2.7311487691068894,1.3477904984389746,3.379784051314763,Toxic
20250210_124448.jpg,Healthy,3.766653415629146,1.7924840378053175,1.95028503120258,Toxic
20250210_124830.jpg,Healthy,2.1863944964748674,2.5164769514081824,3.571537770996259,Toxic
20250216_191857.jpg,Healthy,1.730939729486379,2.3920412361075845,3.718429764297299,Toxic
20250216_191916.jpg,Healthy,2.369254358741304,1.30779181267971,1.830713462133427,Toxic
20250216_191935.jpg,Healthy,1.9836638617620133,2.631666249981236,3.950564418145666,Toxic
20250216_191946.jpg,Healthy,4.289092957027719,1.448881143673321,1.4221345841462751,Toxic
20250216_191951.jpg,Healthy,3.924361138693251,1.4476352296452462,1.6060470052074698,Toxic
20250216_191957.jpg,Healthy,3.4002112695312703,2.073948845786827,1.5526745177140784,Toxic
20250216_192010.jpg,Healthy,4.114381770563153,2.185879869683406,3.681969130023611,Deficient
20250216_192026.jpg,Healthy,3.911016230697344,2.160172415675622,2.962877656974886,Deficient
20250216_192109.jpg,Healthy,2.059710176658108,1.1829736747955095,1.4563128496668187,Toxic
20250216_192115.jpg,Healthy,4.177676995469933,2.7549217252607607,2.320970255105047,Toxic
20250216_192232.jpg,Healthy,3.1180267257469523,1.531200085177412,2.845894075209406,Toxic
20250216_192240.jpg,Healthy,3.922320465492188,1.2590298425656083,1.25039225496815,Toxic
20250216_192247.jpg,Healthy,4.188273899770479,2.7774961597379546,3.647249105222016,Healthy
20250216_192253.jpg,Healthy,2.454010424915592,2.911302996459507,3.4108106063246053,Toxic
20250216_192257.jpg,Healthy,1.8301557735830305,2.724255234530901,2.515620320729915,Toxic
20250216_192334.jpg,Healthy,2.183805487625825,2.6190321494497564,3.901379845777512,Toxic
20250216_192338.jpg,Healthy,2.781323365878769,2.3104839612780435,2.253282937825299,Toxic
20250216_192411.jpg,Healthy,3.9540442977674792,2.1017147412182786,3.952330957109493,Deficient
20250216_192416.jpg,Healthy,4.082191749769031,1.1739735198228205,3.003759996410881,Toxic
20250216_192419.jpg,Healthy,1.520856391593572,1.8169064261413972,2.9040138197618246,Toxic
20250216_193042.jpg,Healthy,3.032241907732697,1.745377034024628,1.497864685887355,Toxic
20250216_193046.jpg,Healthy,2.752233009446337,1.5195075675206524,3.645783274913932,Toxic
20250216_193050.jpg,Healthy,2.16632343141219,2.44684022737717,2.282469063761845,Toxic
20250216_193104.jpg,Healthy,1.8595961020010483,1.9917514701575416,1.4867002173474382,Toxic
20250216_193110.jpg,Healthy,2.512845514210884,1.162092431815296,1.0378225599272772,Toxic
20250216_193205.jpg,Healthy,4.328729111737557,1.440366403899623,2.679267050915148,Toxic
20250216_193210.jpg,Healthy,2.469608796062266,2.366517527319192,2.582198866368029,Toxic
20250216_193215.jpg,Healthy,3.056371865230098,1.1522617189806004,3.1580608671074755,Toxic
20250216_193223.jpg,Healthy,3.6090568766855338,2.702413828097537,3.670774159053407,Deficient
20250216_193246.jpg,Healthy,2.590888807137882,1.9902930540279489,1.2382197539290885,Toxic
20250216_193325.jpg,Healthy,4.415346248162882,1.961173154653296,3.194489471021087,Deficient
20250216_193330.jpg,Healthy,4.387341884826334,2.184815569319035,1.5622358322927463,Toxic
20250216_193336.jpg,Healthy,2.2553468874760925,2.649361931850298,3.574531159471492,Toxic
20250216_193340.jpg,Healthy,2.991745517677156,1.695618415804386,3.457190541584968,Toxic
20250216_193345.jpg,Healthy,2.402634929450309,2.356032305118127,2.6223812649566334,Toxic
20250216_193440.jpg,Healthy,2.3545214831324026,2.1314639279915824,3.1307283958699346,Toxic
20250216_193446.jpg,Healthy,1.6106608420635984,1.5340565403388426,1.9430503395512453,Toxic
20250216_193457.jpg,Healthy,3.3286930019396905,2.757259972710316,2.413503696798444,Toxic
20250216_193501.jpg,Healthy,3.0080370696865844,2.594852043213856,3.464910693131415,Deficient
20250216_193505.jpg,Healthy,1.6544362537499682,2.3169036693168508,2.3777955915196416,Toxic
20250216_195442.jpg,Healthy,2.335939392709834,2.701163458188484,2.0733947959763253,Toxic
20250216_195447.jpg,Healthy,4.224797657899961,2.7345884019196047,2.4826373417509,Toxic
20250216_195450.jpg,Healthy,2.2186856720009174,2.4167259534300696,3.484747757311655,Toxic
20250216_195510.jpg,Healthy,1.9346846162736693,2.674026656727344,2.005624142112618,Toxic
20250216_195515.jpg,Healthy,2.968358280832689,2.3949429233385677,1.5212847794072313,Toxic
20250216_195519.jpg,Healthy,4.456951362331802,2.3602815435206006,3.1360420609923425,Deficient
20250216_195529.jpg,Healthy,2.226165814534501,2.2372227564303686,3.4779346381242453,Toxic
20250216_195533.jpg,Healthy,3.5164066422176354,2.5054332791152825,1.3019124355706,Toxic
20250216_195546.jpg,Healthy,3.784858845986153,1.3172102105861474,1.7196223382678342,Toxic
20250216_195713.jpg,Healthy,2.212912631977199,2.761741518397857,1.4259159692829817,Toxic
20250216_200109.jpg,Healthy,3.6846490458355783,2.743687055490464,2.0438242347465,Toxic
20250216_200115.jpg,Healthy,2.60334939815776,1.0584945660691183,2.351052936716238,Toxic
20250216_200119.jpg,Healthy,3.3969174917807385,2.6516335011295253,3.2464790108899195,Deficient
20250216_200127.jpg,Healthy,3.400589132282684,1.2577397349468904,2.9534427546450224,Toxic
20250216_200149.jpg,Healthy,3.1073240522242758,1.6702377085182838,2.8627857024352936,Toxic
20250216_200229.jpg,Healthy,1.770869310163225,2.4870165125832155,2.057124839828963,Toxic
20250216_200233.jpg,Healthy,4.005907486767714,1.3215197920966164,3.52434265925428,Toxic
20250216_200237.jpg,Healthy,2.462340194915208,2.6359340482381244,2.413861502194494,Toxic
20250216_200240.jpg,Healthy,2.0595555311995626,2.664268355915484,3.937314814045464,Toxic
20250216_200245.jpg,Healthy,1.6223254246642915,2.0149354675216724,2.9024264148872105,Toxic
20250216_200327.jpg,Healthy,3.2726788295647253,1.0127717434336672,1.3787942246935083,Toxic
20250216_200331.jpg,Healthy,3.532693085526847,1.5740762663498256,3.028532686226302,Toxic
20250216_200343.jpg,Healthy,1.5497634867835686,2.2338538367514844,1.9753120462950968,Toxic
20250216_200350.jpg,Healthy,3.036279174897843,2.962372356054847,3.058981590058292,Deficient
20250216_200405.jpg,Healthy,2.179487325593814,2.2636270540333365,1.2089234444872172,Toxic
20250216_200449.jpg,Healthy,3.435518371228349,1.5196071621283196,1.524644311527878,Toxic
20250216_200455.jpg,Healthy,2.023099287014974,2.2680114061992227,3.5672117767173592,Toxic
20250216_200459.jpg,Healthy,3.5728132143073976,2.0799707594317107,1.6815386710705449,Toxic
20250216_200505.jpg,Healthy,2.660206038901612,2.5596907903022874,3.51112337572882,Deficient
20250216_200528.jpg,Healthy,4.310189966210204,1.2139612776539168,1.8378282653632316,Toxic
20250216_201338.jpg,Healthy,1.91256283243798,2.522055805004056,2.928645730176123,Toxic
20250216_201348.jpg,Healthy,2.5231990531507758,2.0825331573522208,3.082451720529493,Deficient
20250216_201355.jpg,Healthy,1.8404205637217672,2.925984007717989,2.537964259435159,Toxic
20250216_201438.jpg,Healthy,4.274080854835688,1.6837443320773722,1.9159320300901936,Toxic
20250216_201458.jpg,Healthy,4.132018060142944,2.265243786267896,1.6379331291132884,Toxic
20250216_201534.jpg,Healthy,2.273824883145467,2.864056211020035,1.0995680636872789,Toxic
20250216_201539.jpg,Healthy,3.4799521381025373,1.2050194559813583,1.9118392037221716,Toxic
20250216_201542.jpg,Healthy,3.951666600603648,2.8744569744729023,2.959488371593849,Deficient
20250216_201546.jpg,Healthy,3.165602434798387,2.375771444601627,3.814914455345448,Deficient
20250216_201549.jpg,Healthy,3.08895173506802,1.1356741182103438,3.613613446789156,Toxic
20250216_201629.jpg,Healthy,2.225556872701355,1.6019271338936325,3.2981943296059075,Toxic
20250216_201635.jpg,Healthy,1.7793083034176975,2.416344177290563,3.365342029759896,Toxic
20250216_201640.jpg,Healthy,4.19164727385998,1.1347012029375434,2.9949547104279857,Toxic
20250216_201643.jpg,Healthy,4.201254171489992,2.1643409203525463,1.7808605726980091,Toxic
20250216_201659.jpg,Healthy,3.399304371819804,1.6917661139059137,3.72158509211749,Toxic
20250216_201747.jpg,Healthy,2.517089373146102,2.241831035534954,3.012196935717502,Deficient
20250216_201804.jpg,Healthy,2.547628723837983,1.0914840676250257,2.68132189294132,Toxic
20250216_201809.jpg,Healthy,3.677867036610718,2.743073612304753,1.332968407640443,Toxic
20250216_201825.jpg,Healthy,4.191330779857731,2.946977938354794,2.3411666314192763,Toxic
20250216_202233.jpg,Healthy,4.161259272795352,2.937755710571383,2.381074813605779,Toxic
20250216_202506.jpg,Healthy,3.839626637572872,2.4993036634858496,3.59369082856801,Deficient
20250217_121010.jpg,Deficient,3.4260949384628634,1.260172480261264,2.6399446605633656,Toxic
20250217_121022.jpg,Deficient,1.7524198949851466,2.5165263918580454,2.141201646911229,Toxic
20250217_121032.jpg,Deficient,1.9848861422838413,1.049173832917603,3.930400985531978,Toxic
20250217_121035.jpg,Deficient,4.195662565581237,1.0442471030579945,1.332161779978947,Toxic
20250217_121050.jpg,Deficient,3.3192871789787697,1.6472204382990825,2.267645284935834,Toxic
20250217_121204.jpg,Deficient,1.527591154849889,1.9772863808093315,1.126074025514216,Toxic
20250217_121232.jpg,Deficient,1.804414628598096,2.540814835615586,3.219712362300791,Toxic
20250217_121240.jpg,Deficient,3.490505307324168,2.3665907532130106,3.754229656597452,Deficient
20250217_121248.jpg,Deficient,1.515184751538656,1.891805412753497,1.8401119886514683,Toxic
20250217_121252.jpg,Deficient,1.982424154252496,1.5472533325633318,3.5750250303973625,Toxic
20250217_121259.jpg,Deficient,3.1462013680997583,2.9942490003154223,1.8766546913856932,Toxic
20250217_121353.jpg,Deficient,3.57568559307808,1.852362604471946,3.7323104849317454,Toxic
20250217_121457.jpg,Deficient,3.4558837785078014,1.902774048659351,3.261885710790352,Deficient
20250217_121507.jpg,Deficient,2.1728079283816792,1.3272476423833384,3.414720330524316,Toxic
20250217_121517.jpg,Deficient,3.636537664042608,2.5896190974998587,1.0540196668013635,Toxic
20250217_121524.jpg,Deficient,2.2117472624904,2.387364451562977,3.8884310712220778,Toxic
20250217_121530.jpg,Deficient,2.476199094477803,1.4415392255775208,3.18001297621097,Toxic
20250217_121546.jpg,Deficient,3.739474215354072,1.1647620912316854,1.9142532861584,Toxic
20250217_122409.jpg,Deficient,3.448898697141644,2.360998604149426,3.488183994576541,Deficient
20250217_122413.jpg,Deficient,4.047670231482534,2.3090224285622707,1.8445635952447896,Toxic
20250217_122416.jpg,Deficient,3.47283867690103,1.5465190539964186,3.618261518698384,Toxic
20250217_122421.jpg,Deficient,3.204925810006415,2.9017271245008205,1.3377411712358112,Toxic
20250217_122445.jpg,Deficient,1.7810243034842774,1.3021157835618005,3.111057932382387,Toxic
20250217_122510.jpg,Deficient,2.6031474091783005,1.864669602085204,2.622095429934731,Toxic
20250217_122557.jpg,Deficient,2.2956071030451763,2.8872318403351978,1.2896034105863223,Toxic
20250217_122611.jpg,Deficient,2.231968930137251,1.8394546338522448,1.725681484776517,Toxic
20250217_122620.jpg,Deficient,4.419031664257337,2.277051895328171,1.0372121088319444,Toxic
20250217_122633.jpg,Deficient,2.679293174000281,1.7951887959255886,2.406303896393517,Toxic
20250217_122654.jpg,Deficient,4.176139665531339,1.54843040469734,1.903795782280001,Toxic
20250217_122731.jpg,Deficient,3.3934158779917887,2.9679552959196567,2.7950724528932764,Deficient
20250217_123002.jpg,Deficient,3.884433910624945,1.818668012630086,1.8917134231258517,Toxic
20250217_123010.jpg,Deficient,3.0079112793155764,2.788198407358269,1.8997573345209544,Toxic
20250217_123015.jpg,Deficient,3.230711653879077,1.4599092117821724,3.22957959619481,Toxic
20250217_123252.jpg,Deficient,2.977553081456592,1.4262094080501666,1.1444285079350602,Toxic
20250217_123345.jpg,Deficient,2.0857289633941334,1.0622681657690227,3.7086849855759616,Toxic
20250217_124232.jpg,Deficient,3.667356345784516,2.30333365075177,3.5567916231735444,Deficient
20250217_124237.jpg,Deficient,2.3423170873225674,1.7370526874475225,3.00341404967922,Toxic
20250217_124256.jpg,Deficient,1.5729478992943615,2.7287164996792743,2.779664710322153,Toxic
20250217_124300.jpg,Deficient,3.4364168877215038,1.9464198133831143,3.676907494418957,Deficient
20250217_124305.jpg,Deficient,2.031332038221147,2.9363868558294435,1.5559905385861432,Toxic
20250217_124309.jpg,Deficient,4.321375753058743,1.3710510314062423,1.2369074865724858,Toxic
20250217_124400.jpg,Deficient,4.361785731007762,2.7372463359112214,1.7185305097286143,Toxic
20250217_124404.jpg,Deficient,4.244593170661346,2.5531937055834835,3.3837348361005706,Healthy
20250217_124408.jpg,Deficient,2.6104761007663333,2.541843689288104,1.10401080017945,Toxic
20250217_124412.jpg,Deficient,1.5463698495866025,2.6895664562337758,2.748420505250469,Toxic
20250217_124417.jpg,Deficient,4.284955687763176,2.522047981885998,3.9863125485739297,Healthy
20250217_124431.jpg,Deficient,2.784552444951943,2.2524406432628306,3.567088281512618,Deficient
20250217_124521.jpg,Deficient,4.399964457131009,1.2624897553647751,2.5643370671307686,Toxic
20250217_124525.jpg,Deficient,4.390859931267759,1.0650523589825038,1.190922727859927,Toxic
20250217_124532.jpg,Deficient,4.05902836640208,2.841695695631373,3.4941205431571296,Healthy
20250217_124537.jpg,Deficient,2.383346676208757,2.233300629041476,2.796935524531632,Toxic
20250217_124542.jpg,Deficient,2.655293185805776,2.5930745819523526,1.3447989911787004,Toxic
20250217_124630.jpg,Deficient,4.053410014550571,1.9630447030251,1.2815718544700685,Toxic
20250217_125143.jpg,Deficient,2.450766015468833,1.234616377924789,3.728880458309777,Toxic
20250217_125146.jpg,Deficient,2.008478240058277,1.2503715844051009,3.0076007888142358,Toxic
20250217_125152.jpg,Deficient,3.1704037873750504,2.3711305744579425,3.4878603979502665,Deficient
20250217_125157.jpg,Deficient,4.308464322482343,1.8606117897989252,3.636936700846802,Toxic
20250217_125201.jpg,Deficient,3.588089390024919,1.4010494534006734,2.7153170561449667,Toxic
20250217_125209.jpg,Deficient,3.210183510268095,1.9831890934828735,2.552339055265124,Deficient
20250217_125257.jpg,Deficient,1.7915294813123055,1.1284178741502682,2.2912822309629703,Toxic
20250217_125302.jpg,Deficient,3.345021680097509,2.163942803828798,1.9508397633733576,Toxic
20250217_125307.jpg,Deficient,4.47016155031279,1.5379868088701951,2.3037878825761355,Toxic
20250217_125310.jpg,Deficient,1.920252045709572,2.595118201274376,3.321638967190469,Toxic
20250217_125314.jpg,Deficient,3.05498895709121,1.6207239178471475,2.805770293045395,Toxic
20250217_125317.jpg,Deficient,4.132119215783867,1.9104402981636024,3.677569869864538,Deficient
20250217_125405.jpg,Deficient,3.722305853262613,1.0232410798162013,2.330140043137563,Toxic
20250217_125417.jpg,Deficient,3.591047222985804,1.1448937755891178,2.821268736156262,Toxic
20250217_125421.jpg,Deficient,3.607452251961328,1.7849871128133696,2.893922659275966,Toxic
20250217_125425.jpg,Deficient,2.578473453659265,1.959877669434247,2.7750914869189764,Deficient
20250217_125444.jpg,Deficient,2.3807755327934803,2.2000410962386074,3.107901319256549,Toxic
20250217_125449.jpg,Deficient,3.928083466435541,1.5833251574186065,1.7123004051244188,Toxic
20250217_130153.jpg,Deficient,3.9303401840375423,2.3899637722530853,2.537091332637372,Deficient
20250217_130157.jpg,Deficient,4.101216955740311,2.7202447943784094,1.312674408425043,Toxic
20250217_130200.jpg,Deficient,4.239721657669413,2.5597019777867,2.1535339829344378,Toxic
20250217_130202.jpg,Deficient,3.034027196582813,1.0792376506967143,2.4630012058637933,Toxic
20250217_130205.jpg,Deficient,3.004548884061599,1.9610138945156577,2.9566727786364173,Deficient
20250217_130217.jpg,Deficient,3.8948855369003255,1.2098603568363495,3.8515931577586096,Toxic
20250217_130300.jpg,Deficient,3.4498917923332955,1.484090031725055,2.801953199645068,Toxic
20250217_130304.jpg,Deficient,3.60590063177311,2.973325186534293,3.2307817485296795,Deficient
20250217_130307.jpg,Deficient,3.887378008308304,1.2849910858030265,2.5187981784856084,Toxic
20250217_130312.jpg,Deficient,4.170016025452699,1.997776306902712,2.9023120941289937,Deficient
20250217_130325.jpg,Deficient,2.513985470554608,2.236311468636238,1.2127966484013202,Toxic
20250217_130342.jpg,Deficient,2.626748857919832,2.404929941088208,1.7631747425255409,Toxic
20250217_130427.jpg,Deficient,1.781945819522607,2.119297366973828,2.085559279615416,Toxic
20250217_130431.jpg,Deficient,3.2348404229885217,1.019541694838367,2.4174800650195407,Toxic
20250217_130435.jpg,Deficient,1.6078268213902265,1.6529226164879838,1.1369462365071512,Toxic
20250217_130440.jpg,Deficient,2.8967940543973807,2.035423286769423,1.420072292659953,Toxic
20250217_130444.jpg,Deficient,3.12793390412273,1.1757329982896667,1.8304429233739172,Toxic
20250217_130451.jpg,Deficient,2.359623756384853,1.7012538624183615,3.914598072703152,Toxic
20250217_130550.jpg,Deficient,3.2724997817070323,1.0664062175827331,1.9940410213091524,Toxic
20250217_130554.jpg,Deficient,1.5915007498171485,1.1571569943100417,2.446123174336248,Toxic
20250217_130557.jpg,Deficient,1.6120445662476433,1.793846552403192,1.5882931382151788,Toxic
20250217_130601.jpg,Deficient,3.967801681978975,1.2654315080861207,2.832340213227305,Toxic
20250217_130604.jpg,Deficient,2.580571924233789,2.135081696523116,1.842049646547923,Toxic
20250217_130608.jpg,Deficient,1.8811815379556545,2.3789299382745317,1.6209777353152803,Toxic
20250217_130859.jpg,Deficient,3.066729780164413,2.6011733982181657,2.5497178853379374,Deficient
20250217_130904.jpg,Deficient,3.809980659295833,1.4003004884896202,1.0165173974812625,Toxic
20250217_130907.jpg,Deficient,2.1474630824905296,1.3349651645181395,1.022992097947676,Toxic
20250217_130911.jpg,Deficient,3.368671427457001,1.2091356806688005,1.657206427305573,Toxic
20250217_130914.jpg,Deficient,1.756042394981304,2.2728604990872734,1.1101640875024634,Toxic
20250217_130952.jpg,Deficient,1.655045163505823,2.412951452973802,1.3240772623920742,Toxic
20250217_130955.jpg,Deficient,3.094063894704444,1.063172289651284,2.016581948016255,Toxic
20250217_131007.jpg,Deficient,3.12190536483032,2.8724244924873794,3.4077570387394385,Deficient
20250217_131041.jpg,Deficient,3.4122897044946194,1.1039425673029448,2.7161459301079027,Toxic
20250217_131129.jpg,Deficient,3.678274001167985,2.082592670602141,2.5380031778692493,Deficient
20250225_020444.jpg,Deficient,4.427556238387604,2.418121038901833,1.880466469624365,Toxic
20250225_020448.jpg,Deficient,3.048901044903586,2.741938247492171,3.795261158298449,Deficient
20250225_020452.jpg,Deficient,2.468869418823738,2.428173864264856,2.191045123711575,Toxic
20250225_020513.jpg,Deficient,3.885558584306111,2.6034561661395834,1.2612783003873145,Toxic
20250225_020518.jpg,Deficient,2.3124967537862227,1.678900385085612,2.851199548353404,Toxic
20250225_020611.jpg,Deficient,2.8169142621169083,2.629650227493024,1.3415151804298042,Toxic
20250225_020624.jpg,Deficient,1.735369144026798,1.1602296927693505,2.0356694284050763,Toxic
20250225_020628.jpg,Deficient,1.5760522302463724,2.7896333121210555,2.522235816153427,Toxic
20250225_020634.jpg,Deficient,4.387945244033775,2.0951847523074725,3.622667574055528,Deficient
20250225_020644.jpg,Deficient,4.007940361536617,2.6345955399249874,2.480639741020356,Toxic
20250225_020658.jpg,Deficient,3.5879226182810937,1.9046365690366005,3.1067762980949927,Deficient
20250225_020719.jpg,Deficient,2.72685883324281,2.2871553903930497,3.978450516997211,Deficient
20250225_020812.jpg,Deficient,2.019882960212537,2.0528053218722264,1.394467359693945,Toxic
20250225_020828.jpg,Deficient,1.969311128013258,2.463179043510664,1.8241945765585583,Toxic
20250225_020835.jpg,Deficient,2.250728694493786,1.1632599640611792,2.1837282267929394,Toxic
20250225_020844.jpg,Deficient,3.147679994118361,1.1207041679811276,2.265484535616494,Toxic
20250225_020851.jpg,Deficient,3.643787768100187,1.4942064680202929,2.2330632257966374,Toxic
20250225_020857.jpg,Deficient,3.4805921301531937,1.319089360226377,3.722833007669665,Toxic
20250225_020945.jpg,Deficient,2.3398016908378283,2.743567133184404,3.1420979334005694,Toxic
20250225_020950.jpg,Deficient,4.364595841989583,1.4384279747160886,2.823715642272111,Toxic
20250225_020955.jpg,Deficient,3.7136907500873058,2.951730511638263,1.9281181535883465,Toxic
20250225_021011.jpg,Deficient,3.163062157534202,1.6737915835422137,3.471371152663884,Toxic
20250225_021017.jpg,Deficient,3.335162238703057,1.3642358313773986,3.865181534454967,Toxic
20250225_021024.jpg,Deficient,2.7588001872833696,2.5793970142849583,3.4635948476506795,Deficient
20250225_021114.jpg,Deficient,2.2431929685034726,2.317415551001752,1.0046953155744187,Toxic
20250225_021118.jpg,Deficient,2.5679180359537845,1.996391432906278,2.9092041105502213,Deficient
20250225_021125.jpg,Deficient,3.773538331393108,2.1107271018752627,1.1534061443263022,Toxic
20250225_021130.jpg,Deficient,1.5431804658892676,2.438403556544528,1.7728216610011656,Toxic
20250225_021135.jpg,Deficient,1.8482179215207488,1.4569094826625977,1.178574101043315,Toxic
20250225_021153.jpg,Deficient,1.6380079260652582,2.992667832113484,2.811386358848164,Toxic
20250225_022600.jpg,Deficient,1.6221864069569103,2.9495863242935663,3.059769740477821,Toxic
20250225_022604.jpg,Deficient,4.066381752033021,2.3006513726938738,1.3434629141977157,Toxic
20250225_022608.jpg,Deficient,3.610973578140071,1.3990849018582905,2.1515166491349387,Toxic
20250225_022613.jpg,Deficient,2.922521487261976,2.360456484862582,2.368709526866626,Toxic
20250225_022617.jpg,Deficient,1.7935024819530043,1.1443968179583517,2.1071590652827497,Toxic
20250225_022720.jpg,Deficient,2.974847625350497,1.061305004411612,1.363075001455579,Toxic
20250225_022837.jpg,Deficient,2.920415312341697,1.5153657770224274,2.256843370562426,Toxic
20250225_022927.jpg,Deficient,2.019605609730045,1.9252459134786328,3.2535341434252545,Toxic
20250225_022932.jpg,Deficient,2.801554947713919,2.7365450108167613,1.2130229935997665,Toxic
20250225_022938.jpg,Deficient,2.69551420319212,2.454338139532616,1.2405400422457102,Toxic
20250225_023025.jpg,Deficient,3.3475502941566493,2.485413042399962,2.0643138755079526,Toxic
20250225_023031.jpg,Deficient,3.4052809526029315,1.8509866688961507,3.825177134856775,Toxic
20250225_023103.jpg,Deficient,1.6359120293161336,1.6918699850939258,3.005717940168742,Toxic
20250225_023127.jpg,Deficient,2.623837843879413,1.7420775259692054,3.0360098700176943,Toxic
20250225_023205.jpg,Deficient,3.3775797471427094,2.975299127472116,2.085759972513595,Toxic
20250225_023212.jpg,Deficient,3.009408775740263,1.080218382824965,2.780982373625615,Toxic
20250225_023219.jpg,Deficient,4.069469523564967,2.734062992244897,1.03039355208323,Toxic
20250225_023230.jpg,Deficient,3.476080894856835,2.1573508171447866,2.9082881392286266,Deficient
20250225_023240.jpg,Deficient,1.988803281244289,1.877230838379181,3.73986084272871,Toxic
20250225_023248.jpg,Deficient,1.7117062422012896,2.450515320830273,2.837720405034457,Toxic
20250225_023307.jpg,Deficient,3.427257834618947,1.9733378828494057,3.621095780399035,Deficient
20250225_023400.jpg,Deficient,1.579533931624865,2.746846476163321,3.1719191663982813,Toxic
20250225_023408.jpg,Deficient,3.25732674382039,2.801403728022517,1.3616752492110709,Toxic
20250225_023413.jpg,Deficient,4.320690724274873,1.8434418537469108,3.707359921857525,Toxic
20250225_023417.jpg,Deficient,3.2264225336276366,1.5536555944701032,1.1993315330673249,Toxic
20250225_023421.jpg,Deficient,2.664509778619566,2.1847006571867245,2.6019024176432914,Deficient
20250225_023426.jpg,Deficient,3.4298646553270595,2.8247266912333817,1.426411371380373,Toxic
20250225_023459.jpg,Deficient,2.8747586714745497,1.4213243780113332,1.0351198321927122,Toxic
20250225_023555.jpg,Deficient,3.1368503679478046,2.2459331671269656,2.266102780382917,Toxic
20250225_023606.jpg,Deficient,4.324394426329576,2.263120440185041,1.8851221229624688,Toxic
20250225_023643.jpg,Deficient,2.658307913402323,2.466226044830562,2.458001481392809,Toxic
20250225_023649.jpg,Deficient,4.383571691471743,1.2631353702545196,2.7315996602036523,Toxic
20250225_025801.jpg,Deficient,4.216051925868191,2.431649929364177,1.1312172169268422,Toxic
20250225_025811.jpg,Deficient,2.0873734043678893,2.818065041331282,1.369009885371237,Toxic
20250225_025828.jpg,Deficient,1.7080839026254964,1.359366217740484,2.675927189351276,Toxic
20250225_025838.jpg,Deficient,1.80233400413228,1.4750866498477553,2.0295020595179745,Toxic
20250225_025854.jpg,Deficient,1.554665476954649,2.942790188083279,3.187520462648344,Toxic
20250225_025859.jpg,Deficient,1.783328882267785,1.3619539054189795,2.956874945775819,Toxic
20250225_025956.jpg,Deficient,3.5490203202490704,2.7087701867391583,3.5368130889697205,Deficient
20250225_030053.jpg,Deficient,1.713565945380687,1.9845557128960696,3.077478480007676,Toxic
20250225_030057.jpg,Deficient,2.456926890881284,1.494462148806354,2.289793232170444,Toxic
20250225_030102.jpg,Deficient,4.034625932908364,2.7414998025450226,3.018899867183297,Healthy
20250225_030113.jpg,Deficient,1.5698158072074777,1.890610510005331,1.826143522766256,Toxic
20250225_030140.jpg,Deficient,3.943405447766808,2.0296347078593806,1.918940496334638,Toxic
20250225_030228.jpg,Deficient,2.3455643243202,1.7184667387995314,3.36695547976238,Toxic
20250225_030257.jpg,Deficient,1.8544944828649688,2.185901702869855,2.339258549204746,Toxic
20250225_030344.jpg,Deficient,3.590211496092452,1.3270477451700455,3.395141021555057,Toxic
20250225_030349.jpg,Deficient,3.386828540339652,1.7821630733035214,3.467267121004835,Toxic
20250225_030357.jpg,Deficient,4.132416040581159,2.938824644670575,3.5726870129838515,Healthy
20250225_030401.jpg,Deficient,3.705213131411657,1.516266865402255,3.749905707523622,Toxic
20250225_030404.jpg,Deficient,3.9104427911545456,2.3134733290825844,2.2929556615398887,Toxic
20250225_030409.jpg,Deficient,2.34610371771392,1.6503801284493895,1.9566004549634168,Toxic
20250225_030412.jpg,Deficient,2.032318631339169,2.546946251373201,2.746596239782342,Toxic
20250225_030511.jpg,Deficient,3.751844254922575,1.2617473214366997,2.1135172703128826,Toxic
20250225_030517.jpg,Deficient,3.920504217801792,2.939642090157089,2.803222500400699,Deficient
20250225_030523.jpg,Deficient,4.47151542600202,1.9075790827672785,3.116757587931474,Deficient
20250225_030528.jpg,Deficient,2.7378530307342794,1.472100926692928,3.0652150554764104,Toxic
20250225_030535.jpg,Deficient,2.6160542573783494,1.146993494660025,2.123658661060364,Toxic
20250225_030539.jpg,Deficient,3.829238882225991,1.3395158101750817,1.5005806050962585,Toxic
20250225_030543.jpg,Deficient,2.5224106207590538,2.039547897112035,2.2915880153866226,Toxic
20250225_030657.jpg,Deficient,4.292271976810694,1.6740063528625726,1.4277824322457262,Toxic
20250225_030707.jpg,Deficient,4.075238255529035,2.6577667317652187,3.670291105551425,Healthy
20250225_030911.jpg,Deficient,2.7869820821250557,1.861775047323612,2.037632382213572,Toxic
20250225_031005.jpg,Deficient,3.752613203374492,1.4974285451752598,1.4633792416699714,Toxic
20250210_134912.jpg,Deficient,3.763628622254047,2.2342899732080603,1.0763432797172523,Toxic
20250210_134948.jpg,Deficient,1.8093716065077976,2.413554433770892,2.9374671588594525,Toxic
20250210_135021.jpg,Deficient,4.2076587200387,1.3340838158018995,2.910706952364229,Toxic
20250210_135045.jpg,Deficient,3.0157571173435715,1.335238432576635,2.021812499743875,Toxic
20250210_135101.jpg,Deficient,3.9793723983232248,1.073342853867086,1.215135666542953,Toxic
20250210_135119.jpg,Deficient,2.460148803091835,2.472804030131281,2.228886684685696,Toxic
20250210_135136.jpg,Deficient,4.186569685488601,2.3276090552436104,1.9336524851901808,Toxic
20250210_135206.jpg,Deficient,2.667605036202489,1.949261751499628,3.031361919205028,Deficient
20250210_135221.jpg,Deficient,1.532512954440895,2.688340897938394,2.817337748358071,Toxic
20250210_135237.jpg,Deficient,4.216145929257791,2.6113403059001064,2.09378118459262,Toxic
20250210_135316.jpg,Deficient,1.773860030358401,2.170708728793504,1.6536776627649703,Toxic
20250210_135329.jpg,Deficient,2.4579409127712446,2.7365425610265173,3.964107898466776,Toxic
20250210_135344.jpg,Deficient,4.350185901152415,1.4116824200735365,2.3620048635883446,Toxic
20250210_135402.jpg,Deficient,4.351821440812668,1.2238392387954558,3.0648227073407117,Toxic
20250210_135418.jpg,Deficient,3.220313664369858,1.5394992230339792,1.4216589027350823,Toxic
20250210_135435.jpg,Deficient,3.395511636509398,1.1141737121786297,2.456769098978193,Toxic
20250210_135454.jpg,Deficient,2.8453365659349594,2.062339056002064,1.0826101596083966,Toxic
20250210_135524.jpg,Deficient,2.3796323150941934,2.873211384589923,2.51636535373135,Toxic
20250210_135542.jpg,Deficient,2.485993636109748,1.0786870813370193,3.892052221353107,Toxic
20250210_135559.jpg,Deficient,3.517555368231115,1.2442198280200536,2.152620138957401,Toxic
20250210_135619.jpg,Deficient,3.75712358831304,1.9043980565668703,1.1169880377247348,Toxic
20250210_135637.jpg,Deficient,3.874737131177546,2.86775003505581,1.0928673727580307,Toxic
20250210_135755.jpg,Deficient,3.8688544283836617,1.632312209953501,2.1639602798406083,Toxic
20250210_135829.jpg,Deficient,1.773618309146071,2.014469617376785,1.480074809389582,Toxic
20250210_135913.jpg,Deficient,2.9832609141077446,1.0831457181007842,1.0700562889845575,Toxic
20250210_135939.jpg,Deficient,1.6726762800499329,1.2966864019241775,3.2686408418505306,Toxic
20250210_140012.jpg,Deficient,3.1485866469712067,2.973260245917694,2.375569026645672,Toxic
20250210_140052.jpg,Deficient,2.8245915041201317,2.9302373928720917,1.867734315917964,Toxic
20250210_140108.jpg,Deficient,4.163112548274899,1.0098799618688192,3.700249549049442,Toxic
20250210_140122.jpg,Deficient,2.552745037656236,2.903623570846478,1.3484168806015768,Toxic
20250210_140154.jpg,Deficient,1.8512010492828173,2.2782398756310007,3.8677564868659577,Toxic
20250210_140212.jpg,Deficient,1.928975046158508,2.735836589040044,1.9419001521320585,Toxic
20250210_140227.jpg,Deficient,3.784531895152417,1.9094797112677184,3.665211016926044,Deficient
20250210_140241.jpg,Deficient,3.354654189948783,2.0311920571585005,2.8088286294383846,Deficient
20250210_140306.jpg,Deficient,1.8033680283683704,1.9776931605138404,3.4801220792244623,Toxic
20250210_140610.jpg,Deficient,1.7523204183449923,2.3337285150922087,3.952039489631393,Toxic
20250210_140628.jpg,Deficient,3.60290739437736,1.2793025095126258,1.8652163134562367,Toxic
20250210_140651.jpg,Deficient,1.7182890190925806,1.059947179745356,3.883406456222779,Toxic
20250210_140706.jpg,Deficient,3.9655801778710686,1.6158598831823818,2.168445684707261,Toxic
20250210_140715.jpg,Deficient,3.618726681469489,2.4093615254732934,2.156535714210767,Toxic
20250210_140854.jpg,Deficient,1.7440463419256993,1.4037069042458967,2.021161312763517,Toxic
20250210_140913.jpg,Deficient,1.7545131422555758,2.346864866649834,2.624222822042756,Toxic
20250210_140933.jpg,Deficient,4.459918735503527,2.9398240922145407,1.4624351295354612,Toxic
20250210_140949.jpg,Deficient,2.622812387268361,1.1878014315788368,2.6611344560740333,Toxic
20250210_141012.jpg,Deficient,2.611926441200673,2.345204236450253,2.625114437230012,Deficient
20250210_141044.jpg,Deficient,3.938398701772508,1.8875004386091423,3.28570543781461,Toxic
20250210_141057.jpg,Deficient,4.341745732151576,2.736284508755011,3.500949885812757,Healthy
20250210_141128.jpg,Deficient,4.458003191468613,1.3542995788947718,2.321324050937272,Toxic
20250210_141145.jpg,Deficient,3.760134555776825,2.3852519044523293,1.9069997480544811,Toxic
20250210_141202.jpg,Deficient,2.628778756592747,2.67623057929622,1.7780046919512835,Toxic
20250210_141436.jpg,Deficient,1.7505021500960063,2.8892284389480465,1.5838715101146157,Toxic
20250210_141451.jpg,Deficient,3.8314407477823114,2.366496056579292,1.1729427465970748,Toxic
20250210_141521.jpg,Deficient,3.175212749207416,1.9943495280168544,2.02734393650414,Toxic
20250210_141608.jpg,Deficient,2.7726660277409287,2.235694480402428,1.8107430763923495,Toxic
20250210_141632.jpg,Deficient,4.219063155284208,2.7378099689574364,3.8992521575992223,Healthy
20250210_141653.jpg,Deficient,1.833592446918454,2.141219493277659,2.673126478750132,Toxic
20250210_141705.jpg,Deficient,2.9778753128725777,1.0607741193936735,2.0418311170915224,Toxic
20250210_141732.jpg,Deficient,1.534060934302257,2.861897391013956,2.741402802981088,Toxic
20250210_141816.jpg,Deficient,2.905981925982379,2.3790535020631225,1.4175901040370866,Toxic
20250210_141850.jpg,Deficient,1.668909827045512,2.353026771554493,2.3321312476066085,Toxic
20250210_141924.jpg,Deficient,1.856453748804216,1.4313503047954343,2.878702964263192,Toxic
20250210_141951.jpg,Deficient,1.8525787403313148,2.3177709404653144,2.466693495377354,Toxic
20250210_142016.jpg,Deficient,3.4476309063481905,1.787728811308317,2.2053364019629726,Toxic
20250210_142053.jpg,Deficient,3.7381346377962696,2.302465954082984,3.981545166699095,Deficient
20250210_142153.jpg,Deficient,3.250106295291479,1.2131860606159814,3.640944286446781,Toxic
20250210_142254.jpg,Deficient,4.386517645423625,2.3156906092060723,2.87021787447832,Deficient
20250210_142419.jpg,Deficient,2.624611738571112,2.998827451541333,2.7081320835468485,Deficient
20250210_142455.jpg,Deficient,2.357136258845582,1.096424077721112,2.861981439473752,Toxic
20250210_142537.jpg,Deficient,4.105797384568381,2.9543483684426346,1.6039363234672996,Toxic
20250210_142635.jpg,Deficient,2.170787515558358,1.8138159214457408,2.185413229792956,Toxic
20250210_142707.jpg,Deficient,4.389667618321834,2.7415069006745183,1.118378598672698,Toxic
20250210_142735.jpg,Deficient,1.536463424069449,2.564770968116547,2.42663811246048,Toxic
20250210_142802.jpg,Deficient,4.409636480122917,2.134032521973336,2.6290737518729896,Deficient
20250210_142949.jpg,Deficient,1.6294797358517283,2.476898418502653,1.6832492083096289,Toxic
20250210_143051.jpg,Deficient,4.173429341094213,2.757031122602696,3.892086541496541,Healthy
20250210_143102.jpg,Deficient,3.0831033272588995,1.808280643302066,3.728363832811726,Toxic
20250216_205338.jpg,Deficient,4.478894388357901,1.6540663231264774,3.1664297063677176,Toxic
20250216_205342.jpg,Deficient,1.7213896942061966,2.335186771127169,2.600159886296088,Toxic
20250216_205349.jpg,Deficient,3.1615628532039626,2.6156918838825174,3.609907478943055,Deficient
20250216_205357.jpg,Deficient,4.407907606857297,2.5245702695532315,1.3919570314703886,Toxic
20250216_205401.jpg,Deficient,3.0692935325104465,2.595627297717269,3.371529382824655,Deficient
20250216_205405.jpg,Deficient,3.388195914405788,1.871166629625866,1.374462441900545,Toxic
20250216_205458.jpg,Deficient,3.587246066953852,2.6356684323500432,3.3826319876482165,Deficient
20250216_205505.jpg,Deficient,2.86362319430332,1.2404181107412169,1.8273027047540709,Toxic
20250216_205510.jpg,Deficient,3.3826742402521903,2.0889781959216998,3.631271743054567,Deficient
20250216_205514.jpg,Deficient,3.2529429357693007,1.0115173209962431,3.8321262814761936,Toxic
20250216_205520.jpg,Deficient,4.203474031472966,1.6491716598005406,1.446387908215347,Toxic
20250216_205524.jpg,Deficient,1.6363391410243735,1.7329230697427958,2.3880268151961808,Toxic
20250216_205612.jpg,Deficient,2.342889568776691,1.7923453832185108,3.942962134488056,Toxic
20250216_205620.jpg,Deficient,4.351234452229676,2.3909344133797243,2.45022230791944,Toxic
20250216_205625.jpg,Deficient,4.170791351672749,1.7771162025406917,3.5906425675436355,Toxic
20250216_205629.jpg,Deficient,2.8669702583571386,1.8973872452450613,2.76619456639396,Toxic
20250216_205634.jpg,Deficient,3.3603977934046103,1.475088261748655,2.125989723758805,Toxic
20250216_205715.jpg,Deficient,2.332143548943398,1.7465035832586802,1.8573506665776107,Toxic
20250216_205804.jpg,Deficient,2.064363479171284,1.454539254526303,1.6096692732582618,Toxic
20250216_205810.jpg,Deficient,2.8910952148199467,1.1463918475368873,3.2853945741330914,Toxic
20250216_205917.jpg,Deficient,2.5600566840781585,2.206897186762756,2.1596215204690834,Toxic
20250216_210118.jpg,Deficient,3.250968335552616,2.3364255971100327,2.5338263866022537,Deficient
20250216_210122.jpg,Deficient,1.7332039108949546,2.238980692019229,2.4769764400035457,Toxic
20250216_210125.jpg,Deficient,4.423184422998499,1.9269880876011447,2.7318370876993936,Deficient
20250216_210620.jpg,Deficient,4.458632233438808,1.7595715603584596,3.5967314368736565,Toxic
20250216_210640.jpg,Deficient,3.594485142059235,2.7266672991436502,3.942218030750288,Deficient
20250216_210701.jpg,Deficient,3.108289099032361,2.0381635702724363,2.222752625721451,Toxic
20250216_210705.jpg,Deficient,2.428582848858983,1.958363755259462,3.482556766318909,Toxic
20250216_210709.jpg,Deficient,3.941385059120846,1.0512841316128714,3.293583383964153,Toxic
20250216_210713.jpg,Deficient,3.5541935176616377,1.6824956552523127,2.7205868543667195,Toxic
20250216_210858.jpg,Deficient,1.987850818034674,1.760391237571714,3.8681414308358,Toxic
20250216_210901.jpg,Deficient,4.232781553481527,1.797645561793801,1.6014235465852082,Toxic
20250216_210904.jpg,Deficient,3.9676117287695063,2.160344738454665,1.3277926309288643,Toxic
20250216_210908.jpg,Deficient,4.349399739875772,2.067205093453757,3.561885900866266,Deficient
20250216_210924(0).jpg,Deficient,3.67715852516508,2.215810185586889,2.317449449901245,Toxic
20250216_210943.jpg,Deficient,3.3402455878073694,2.5297665230842563,3.5409065626211813,Deficient
20250216_211046.jpg,Deficient,2.7547291088718566,2.625971477432187,3.679270615586245,Deficient
20250216_211050.jpg,Deficient,4.298185450062039,2.4362461524529886,1.1873727808572143,Toxic
20250216_211053.jpg,Deficient,4.098191668501225,2.9110473919098694,3.650394288958182,Healthy
20250216_211056.jpg,Deficient,1.6356560103185682,1.0364651653527233,2.3449571661082667,Toxic
20250216_211104.jpg,Deficient,1.579100923491756,1.3915559713670922,2.5312974670126964,Toxic
20250216_211155.jpg,Deficient,2.629390100634149,1.0151257499562842,2.879777533279631,Toxic
20250216_211541.jpg,Deficient,3.931659992345499,2.294949428309206,3.77914782019026,Deficient
20250216_211547.jpg,Deficient,4.461828387944833,2.796061097899974,1.0573482832892922,Toxic
20250216_211553.jpg,Deficient,1.9512506733105843,1.4869645931525983,2.4305304049534517,Toxic
20250216_211605.jpg,Deficient,3.2823921460564054,2.8540690895926133,3.063166127291682,Deficient
20250216_211612.jpg,Deficient,2.6426725698930644,1.1205347805791217,3.168120873094685,Toxic
20250216_211616.jpg,Deficient,4.409743193443809,2.8688720536110286,3.077597294611324,Healthy
20250216_211703.jpg,Deficient,4.026356769407126,1.7032453744792688,1.4033053882243656,Toxic
20250216_211707.jpg,Deficient,4.014986114133413,1.202841656898433,1.898186765115044,Toxic
20250216_211711.jpg,Deficient,2.906079479384911,1.9717435183726515,2.0761465762510403,Toxic
20250216_211721.jpg,Deficient,2.7444585070129954,1.513553135441016,3.413311623038515,Toxic
20250216_211730.jpg,Deficient,2.3202212157921185,1.5697458039238457,1.836279617243659,Toxic
20250216_211750.jpg,Deficient,1.6691264899527811,1.6145799298525731,1.6321148916016095,Toxic
20250216_212211.jpg,Deficient,4.094167128765159,2.606051795665327,3.872344057114288,Healthy
20250216_212215.jpg,Deficient,3.9387030273902326,2.078322553350509,1.0265898553404067,Toxic
20250216_212221.jpg,Deficient,4.499153019858392,1.6226153983120073,3.993462567045935,Toxic
20250216_212230.jpg,Deficient,4.489910511221716,2.2206675666218367,3.030463896572187,Deficient
20250216_212234.jpg,Deficient,3.1662951168078823,2.432301348446387,3.485407898347351,Deficient
20250216_212328.jpg,Deficient,3.806962245541532,1.5452480014670675,1.8838581890385795,Toxic
20250216_212340.jpg,Deficient,4.334297189647284,1.827098203050703,1.04294583300118,Toxic
20250216_212344.jpg,Deficient,4.048942172032234,1.243772186673895,3.21360855568459,Toxic
20250216_212347.jpg,Deficient,2.242044305229593,1.3622986990693606,3.502433791002028,Toxic
20250216_212404.jpg,Deficient,2.8516324059302804,2.3622357079299654,3.221428395860557,Deficient
20250216_212408.jpg,Deficient,1.887478245454485,1.362876695391254,1.4285508619025158,Toxic
20250216_212412.jpg,Deficient,4.362153081776167,2.0503267673341203,3.2602837667709075,Deficient
20250216_212806.jpg,Deficient,3.31852390335264,2.4180925234448654,3.306768346322923,Deficient
20250216_212809.jpg,Deficient,2.185928416510388,1.2137538461894877,2.975621547010165,Toxic
20250216_212811.jpg,Deficient,3.51510205321757,2.134624439257807,3.298347798386758,Deficient
20250216_212813.jpg,Deficient,3.3543847213736875,1.5131255674027275,3.5377643190331964,Toxic
20250216_212817.jpg,Deficient,2.5744881540985216,2.9258537504751594,2.8408123427123755,Deficient
20250216_212823.jpg,Deficient,1.840672776598887,1.9670912934398492,1.2658141419090372,Toxic
20250216_212827.jpg,Deficient,3.5147195867783987,2.611985099550316,2.4628834290016326,Toxic
20250216_212832.jpg,Deficient,3.06092310271138,2.1004530843125235,1.232948004014815,Toxic
20250216_212836.jpg,Deficient,3.816955175206918,1.0868250657096383,2.2226290930972925,Toxic
20250216_212918.jpg,Deficient,3.06049050333598,2.2663027511880447,2.221319467376883,Toxic
20250216_212936.jpg,Deficient,4.056544500955621,2.902806684413314,1.1980295324207249,Toxic
20250216_213023.jpg,Deficient,3.1557205163234565,2.2032236402926624,2.046461601908438,Toxic
20250216_213638.jpg,Deficient,3.1828139146061587,2.6383777188535804,1.3329942963739445,Toxic
20250216_213643.jpg,Deficient,4.129960807975035,2.768412926696816,3.4247056300276664,Healthy
20250216_213657.jpg,Deficient,2.710448598637191,1.456159543897865,3.843064077893412,Toxic
20250216_213702.jpg,Deficient,1.902045685351922,1.4240896798164533,1.2169494257738158,Toxic
20250216_213706.jpg,Deficient,1.586348028940017,2.221961977701984,3.865345621875104,Toxic
20250216_213708.jpg,Deficient,3.765411767020857,1.8220569396134092,2.567729798010236,Toxic
20250216_213827.jpg,Deficient,3.3609286540603938,2.6797226057334407,1.8986970338616216,Toxic
20250216_213830.jpg,Deficient,3.612239304297671,2.8000462467960223,1.2305862258284903,Toxic
20250216_213837.jpg,Deficient,2.1388924845267323,1.7068427586054362,2.5018728042112537,Toxic
20250216_213916.jpg,Deficient,1.9091144267603093,1.473741117948964,3.383546633472246,Toxic
20250216_213936.jpg,Deficient,1.5436339970036457,2.5610510304877234,3.1212594318000946,Toxic
20250216_214018.jpg,Deficient,2.551762676419791,1.5496120710962722,1.1506780343919214,Toxic
20250216_214035.jpg,Deficient,3.2697530605639,2.645228637027357,1.2187055061037104,Toxic
20250216_214040.jpg,Deficient,2.676732135299197,1.8474765072975257,2.2086198478979115,Toxic
20250216_214103.jpg,Deficient,2.812424766071187,2.3350997985829407,1.8858714821438296,Toxic
20250216_214119.jpg,Deficient,4.212476083481246,1.1910706276693364,1.6971529691681435,Toxic
20250216_214209.jpg,Deficient,2.544766401069901,2.2477186493531462,1.843013496726141,Toxic
20250216_214228.jpg,Deficient,3.0419684674794323,1.9035353574744585,3.4104482298906538,Deficient
20250216_214435.jpg,Deficient,3.850959038223429,2.173216926350948,3.787684160895562,Deficient
20250216_214439.jpg,Deficient,2.6896283469638105,1.3360284154897268,2.2153080835826997,Toxic
20250216_214508.jpg,Deficient,3.3662601006836206,2.473747489888364,3.7183330063974913,Deficient
20250216_214523.jpg,Deficient,4.087091126240235,2.725594155086457,1.9644871037436455,Toxic
20250216_214557.jpg,Deficient,4.348561870972926,1.4334796001815513,2.429310959031375,Toxic
20250216_214651.jpg,Deficient,1.9412204427871136,1.1914291110403237,1.6780869934479992,Toxic
IMG20250224103531.jpg,Deficient,4.279762875484483,1.0472771720926728,2.921428126527532,Toxic
IMG20250224103535.jpg,Deficient,2.9763488792386146,2.283943000886532,3.9369433455244263,Deficient
IMG20250224103553.jpg,Deficient,2.274733164896875,2.2141880721775618,2.810479288130136,Toxic
IMG20250224103556.jpg,Deficient,2.877407268714784,2.09339482542814,2.0734422523406466,Toxic
IMG20250224104141.jpg,Deficient,4.440097725856431,1.4638941922319508,2.943452337971585,Toxic
IMG20250224104144.jpg,Deficient,2.9778542819786087,1.7818119918110291,1.3687620353961627,Toxic
IMG20250224104150.jpg,Deficient,2.4862548308625247,2.188952670372346,3.665977240796196,Toxic
IMG20250224104156.jpg,Deficient,3.4002025629501773,1.9935337177183388,2.509251852339509,Deficient
IMG20250224104200.jpg,Deficient,2.220436856334579,2.9755710404297746,2.3480492261189263,Toxic
IMG20250224104203.jpg,Deficient,1.727589984325992,1.2728795051134665,2.757594365360557,Toxic
IMG20250224104206.jpg,Deficient,1.886639165731948,2.390289108095188,2.874351588368208,Toxic
IMG20250224104223.jpg,Deficient,1.8841375168733172,1.8086375362085845,1.215327418679539,Toxic
IMG20250224104228.jpg,Deficient,1.955708080536883,1.8563992298512293,3.0478516636702078,Toxic
IMG20250224104233.jpg,Deficient,1.9164815179482304,2.4351955313163525,1.7257950409465888,Toxic
IMG20250224104239.jpg,Deficient,3.422624234409644,2.3848723026487395,3.141857897519769,Deficient
IMG20250224104242.jpg,Deficient,2.0456402531974343,2.9825119874043766,3.4676043831525902,Toxic
IMG20250224104246.jpg,Deficient,2.5370018499715896,1.2567885789082505,3.411875522657561,Toxic
IMG20250224104249.jpg,Deficient,4.190365229718036,1.208219298768333,2.657502902223668,Toxic
IMG20250224104436.jpg,Deficient,2.9218849207886173,2.448677634257482,2.560509676932253,Deficient
IMG20250224104442.jpg,Deficient,3.5026732155630818,2.156773834012818,1.4286278840182352,Toxic
WhatsApp Image 2025-02-28 at 6.57.32 PM.jpeg,Deficient,2.016959613604889,1.5483213331196115,3.3260384512094068,Toxic
WhatsApp Image 2025-02-28 at 6.57.33 PM.jpeg,Deficient,2.0768670564260123,1.1588387379779732,1.814228141340143,Toxic
20250216_155457.jpg,Toxic,1.6226058487994366,1.171316499192861,2.4900862684538394,Toxic
20250216_155513.jpg,Toxic,2.006805189216493,2.788381749328237,1.85282227878255,Toxic
20250216_155529.jpg,Toxic,2.335771017095876,1.3837346494374858,1.4014850889990793,Toxic
20250216_155604.jpg,Toxic,2.0310314528302404,1.6467431242310415,2.88867309067521,Toxic
20250216_155611.jpg,Toxic,1.766107601271167,1.453312804453976,1.1629961044687116,Toxic
20250216_155621.jpg,Toxic,1.8619076133018024,1.7099926116638746,3.2459357023786,Toxic
20250216_155631.jpg,Toxic,2.8823363040981773,1.1388476854921867,1.95276038578335,Toxic
20250216_155642.jpg,Toxic,2.119001155217377,2.0381195818165407,1.0004040790134558,Toxic
20250216_155700.jpg,Toxic,2.592809583144226,1.1352251271844298,2.533387417711689,Toxic
20250216_155707.jpg,Toxic,3.0102518125645705,2.600713015644723,1.1405557255828094,Toxic
20250216_155714.jpg,Toxic,3.571184485888096,1.467424163820866,1.8285086734626983,Toxic
20250216_155725.jpg,Toxic,1.6179364195232968,2.080023829209021,3.1209294623671484,Toxic
20250216_155735.jpg,Toxic,3.898231196727128,2.7601581751229167,1.1880688648655977,Toxic
20250216_155749.jpg,Toxic,3.383701168472723,2.301754738094388,3.518015477068007,Deficient
20250216_155758.jpg,Toxic,1.7452770958466155,2.0659155731026706,1.011459767975749,Toxic
20250216_155813.jpg,Toxic,4.120735872320331,1.6486675062307512,1.7404716076057067,Toxic
20250216_155829.jpg,Toxic,4.26261720159544,1.666003826116396,3.2227121684562143,Toxic
20250216_160036.jpg,Toxic,1.6832338795645914,2.3389739103963803,1.9488104491879203,Toxic
20250216_160657.jpg,Toxic,2.330632944441611,2.988278722442335,1.3056771641980407,Toxic
20250216_160714.jpg,Toxic,3.918603839379184,2.323678379698757,2.080701756401284,Toxic
20250216_160725.jpg,Toxic,3.744779071150975,2.11556683474005,1.8111798591535768,Toxic
20250216_160736.jpg,Toxic,2.053563058069132,2.4613010204784924,3.528135706481665,Toxic
20250216_160758.jpg,Toxic,2.128047970010131,1.9304112245674363,1.9400437527554293,Toxic
20250216_160823.jpg,Toxic,2.611416308374146,1.1202846852015704,3.366797415328022,Toxic
20250216_160834.jpg,Toxic,2.953568955573064,2.12459363175582,3.675616434432204,Deficient
20250216_160853.jpg,Toxic,3.354764314590888,2.9152505690107606,2.3014522587295887,Toxic
20250216_160903.jpg,Toxic,2.6067409187093173,1.3506058847153193,3.729829431563176,Toxic
20250216_160918.jpg,Toxic,2.8876041483994435,2.3800097816413315,2.1319541618895785,Toxic
20250216_160928.jpg,Toxic,3.74241281440127,1.401867377318113,3.8922352494703247,Toxic
20250216_160943.jpg,Toxic,1.6100496086717937,2.0716553689461623,1.2678685735767188,Toxic
20250216_161003.jpg,Toxic,2.2573108330320624,1.1933528992934392,3.061057799509728,Toxic
20250216_161017.jpg,Toxic,3.640048757653657,1.9007418725163705,2.481442121370786,Toxic
20250216_161040.jpg,Toxic,4.185620513061598,2.512326657790492,2.162946416366941,Toxic
20250216_161048.jpg,Toxic,3.0350323263469985,1.6951430484779642,2.8981356362458026,Toxic
20250216_161109.jpg,Toxic,3.096340455795947,2.329823448974436,3.1115712749029933,Deficient
20250216_161124.jpg,Toxic,1.821516034019328,2.5908999215794584,1.0130898089509273,Toxic
20250216_161133.jpg,Toxic,2.842237100470364,2.8543556389589053,1.500859266241596,Toxic
20250216_161159.jpg,Toxic,3.0978517993650696,1.469284163710907,3.139138151902956,Toxic
20250216_161214.jpg,Toxic,2.227411510904189,1.7986318316186165,2.9991562407346195,Toxic
20250216_161225.jpg,Toxic,2.307729692848143,1.3048320266608349,3.898142515386032,Toxic
20250216_162628.jpg,Toxic,2.631852489313868,2.9849670043167507,3.283113370752349,Deficient
20250216_162638.jpg,Toxic,1.560213593333179,2.854001935848591,3.852318123194014,Toxic
20250216_162653.jpg,Toxic,2.466237496749535,2.079914260561119,3.107621504604421,Toxic
20250216_162704.jpg,Toxic,2.134344020989634,2.6840665887528425,1.8941566259183291,Toxic
20250216_162712.jpg,Toxic,2.482492056533744,2.041915954544084,1.3160947667525695,Toxic
20250216_162719.jpg,Toxic,1.8592863954577536,2.2471713760055194,3.3454715900348067,Toxic
20250216_162729.jpg,Toxic,4.171581842219685,1.1782488642320332,2.932447664427748,Toxic
20250216_162740.jpg,Toxic,3.280777360662146,2.510540840993616,1.144558037179889,Toxic
20250216_162753.jpg,Toxic,3.537306957433469,1.2554269672704697,2.080151397702935,Toxic
20250216_162803.jpg,Toxic,3.867513715822015,2.652135260505057,3.8703994464528586,Healthy
20250216_162811.jpg,Toxic,2.995326596787172,2.564056175340772,2.501203437130604,Deficient
20250216_162823.jpg,Toxic,1.760760864262271,2.417489395485953,2.298187408059114,Toxic
20250216_162857.jpg,Toxic,3.1113196254556432,1.0723207610495242,2.373098815477882,Toxic
20250216_163004.jpg,Toxic,3.260523354062637,1.6062567118906572,1.626648172015491,Toxic
20250216_163013.jpg,Toxic,3.7363184225529897,1.5262251398216855,2.106121512594385,Toxic
20250216_163023.jpg,Toxic,2.794978638689038,1.7202728149430382,2.10943976796153,Toxic
20250216_163036.jpg,Toxic,1.8827409083866915,1.175285493527677,1.157065060562417,Toxic
20250216_163046.jpg,Toxic,2.351327717396173,2.873915646062126,3.302702885553755,Toxic
20250216_163100.jpg,Toxic,2.589246889195905,2.1076044814247528,2.249513295711637,Toxic
20250216_163113.jpg,Toxic,3.437751723994804,1.611048621316047,3.46653966044927,Toxic
20250216_163126.jpg,Toxic,3.2123349140067354,1.7939630341485668,3.551044003359686,Toxic
20250216_163148.jpg,Toxic,2.5682901776935387,1.8944050810096715,1.6359821640959742,Toxic
20250216_163157.jpg,Toxic,4.459545746378939,2.201188666721235,2.972060446510386,Deficient
20250216_163207(1).jpg,Toxic,3.3173244580706616,2.0313588553929955,2.416845412488945,Toxic
20250216_163207.jpg,Toxic,2.211680375207983,2.8387839464288347,3.640470213764455,Toxic
20250216_163219.jpg,Toxic,1.8053474178612112,1.9939269658116603,1.6472220375293625,Toxic
20250216_163228.jpg,Toxic,1.958577417552996,2.9843160296466253,3.0334396009301328,Toxic
20250216_163622.jpg,Toxic,2.2378731851535245,2.702849915490192,2.823256366758168,Toxic
20250216_163632.jpg,Toxic,1.9820441197786671,1.4170210287146716,1.8859044327154983,Toxic
20250216_165842.jpg,Toxic,2.059701072153917,2.8611904292878325,1.4098027109535178,Toxic
20250217_131440.jpg,Toxic,2.3552855060815414,1.2327327957709522,2.9549192814318297,Toxic
20250222_134444.jpg,Toxic,2.0201207858842647,2.634899416982383,3.215792374396992,Toxic
20250222_134448.jpg,Toxic,4.190296273879276,1.7612465869531602,1.94688203129005,Toxic
20250222_134453.jpg,Toxic,1.7407012369849266,2.7559486408901392,2.934497812066941,Toxic
20250222_134457.jpg,Toxic,3.073534168710764,2.736113380214901,2.18539272283451,Toxic
20250222_134501.jpg,Toxic,2.7311904809689844,2.611850800235242,3.139620649847853,Deficient
20250222_134504.jpg,Toxic,4.447135850725819,2.5800608726141228,1.5976458246821594,Toxic
20250222_134603.jpg,Toxic,1.836116706504157,1.6093582781960816,3.670645007908523,Toxic
20250222_134609.jpg,Toxic,2.693566797137225,1.1618385661025044,1.862228789396739,Toxic
20250222_134623.jpg,Toxic,4.408411299826106,1.805960357530323,2.1033579632684587,Toxic
20250222_134627.jpg,Toxic,4.096521377681941,1.3470490299730171,1.1742758562410494,Toxic
20250222_134631.jpg,Toxic,3.95121621284784,2.3899021778049234,1.3345366369638292,Toxic
20250222_134638.jpg,Toxic,2.27370848113482,1.692199453075571,2.5475857081369844,Toxic
20250222_134734.jpg,Toxic,2.0126627621701974,2.95122040171983,1.8027780301839145,Toxic
20250222_134741.jpg,Toxic,3.505929659773293,2.281944154690664,3.5064406772265837,Deficient
20250222_134749.jpg,Toxic,4.288127967382757,2.644961127268722,1.0440801659648615,Toxic
20250222_134755.jpg,Toxic,3.170288679041789,1.2650493454836969,2.1372821460158087,Toxic
20250222_134802.jpg,Toxic,3.2148380684096995,2.724028964545245,2.012036640307278,Toxic
20250222_134809.jpg,Toxic,2.3399372809808527,2.8455143810267884,1.0579828927528032,Toxic
20250222_134851.jpg,Toxic,3.808478799575811,1.974123837637872,1.3731051970015309,Toxic
20250222_134856.jpg,Toxic,2.06113124567257,2.2125058755019547,2.240928024755906,Toxic
20250222_134859.jpg,Toxic,2.471037709212731,2.529619601805991,2.47859375334234,Toxic
20250222_134903.jpg,Toxic,2.7763093158492502,1.349677254520825,2.2128692417646074,Toxic
20250222_134910.jpg,Toxic,3.022831136053365,2.005132152926885,2.592813035236281,Deficient
20250222_134918.jpg,Toxic,2.227229197245241,1.7973260555446262,2.7853950247170447,Toxic
20250222_135322.jpg,Toxic,1.8445104742176104,1.2927479843244982,1.029771463383507,Toxic
20250222_135327.jpg,Toxic,3.331860127324898,1.7350688445830629,2.3922854783605114,Toxic
20250222_135331.jpg,Toxic,2.3658916597207678,1.1363446187709871,3.890497722662765,Toxic
20250222_135333.jpg,Toxic,3.243714664267837,1.051623813898974,2.5570968403886463,Toxic
20250222_135335.jpg,Toxic,1.9630881458226068,1.2703325783096455,3.03262680237686,Toxic
20250222_135339.jpg,Toxic,2.943420305564453,2.926230223178348,1.9355915737506495,Toxic
20250222_135430.jpg,Toxic,3.0977682976547576,2.099059071790034,3.321974134458288,Deficient
20250222_135434.jpg,Toxic,1.6554706104672807,2.93164432230644,3.318764445628345,Toxic
20250222_135437.jpg,Toxic,2.5098128345817616,1.864995756660264,2.563888142962417,Toxic
20250222_135440.jpg,Toxic,1.9032440308169227,1.6236322661705191,3.9280414698376407,Toxic
20250222_135443.jpg,Toxic,1.6901249114183032,2.012283725680488,1.37665064428796,Toxic
20250222_135446.jpg,Toxic,4.469880697169836,1.87902337726582,1.050842994668743,Toxic
20250222_135535.jpg,Toxic,2.467061534924169,1.2113293685234878,3.310474635271288,Toxic
20250222_135539.jpg,Toxic,3.9296233375639047,2.2816526293804125,3.4214666120946475,Deficient
20250222_135542.jpg,Toxic,2.263921964291292,1.4320763650191992,1.3606216873617287,Toxic
20250222_135607.jpg,Toxic,3.544508166671788,2.239175909795659,1.7967484988758182,Toxic
20250222_135615.jpg,Toxic,3.78068357966906,2.3004021847963068,1.0526570900998866,Toxic
20250222_135624.jpg,Toxic,3.2869162218235326,1.3040497062572962,1.879925832341694,Toxic
20250222_140238.jpg,Toxic,2.914728565650475,1.1226992542213363,3.3194256217560145,Toxic
20250222_140242.jpg,Toxic,2.7355227424418054,2.56152317213688,2.553881583137737,Deficient
20250222_140246.jpg,Toxic,2.546604799628986,1.9196008475386404,2.0442867795048643,Toxic
20250222_140249.jpg,Toxic,4.288587432743478,1.1163275910109516,2.115217884718991,Toxic
20250222_140311.jpg,Toxic,3.991858223363187,2.9897326343395343,1.0040608771464044,Toxic
20250222_140315.jpg,Toxic,4.3950807319995375,1.1155611219927333,1.899401582695708,Toxic
20250222_140321.jpg,Toxic,1.8728916704566343,2.3900704577171066,2.939376224913792,Toxic
20250222_140407.jpg,Toxic,3.6926024256109327,2.9673578505268274,3.9225833314490712,Deficient
20250222_140411.jpg,Toxic,4.315021370463113,1.4783602084318512,3.5411824809516985,Toxic
20250222_140414.jpg,Toxic,2.0436991984969803,1.2844987373743924,1.0707848939365874,Toxic
20250222_140417.jpg,Toxic,1.6994888021003325,1.2427698788448578,3.695681814024518,Toxic
20250222_140421.jpg,Toxic,3.723361947870177,1.606550295135191,3.3495952398958777,Toxic
20250222_140424.jpg,Toxic,3.223419339539736,1.2020916220212934,3.341128370712941,Toxic
20250222_140447.jpg,Toxic,4.025486330274816,2.384322683388264,2.3739872770107144,Toxic
20250222_140501.jpg,Toxic,1.9193171298788685,1.1245835962601254,2.1940158788635085,Toxic
20250222_140520.jpg,Toxic,3.8858019355796714,2.0188442562995794,1.908747186499578,Toxic
20250222_140531.jpg,Toxic,2.1048819601432336,2.9933937077059536,1.197084576863097,Toxic
20250222_140549.jpg,Toxic,1.9909678285971133,2.6279405390120374,1.684706090481097,Toxic
20250222_140552.jpg,Toxic,1.9927973937929788,2.230438876462021,1.7398109049340738,Toxic
20250222_140555.jpg,Toxic,3.9437241606941456,1.6125072415732231,2.4522312091306047,Toxic
20250222_140601.jpg,Toxic,3.4955916620886005,2.247791672583277,3.242333219790082,Deficient
20250222_141511.jpg,Toxic,3.069196274307358,2.0540829278233037,2.42142948519384,Toxic
20250222_141515.jpg,Toxic,2.576491452370508,1.852166767780743,1.1735333483414818,Toxic
20250222_141519.jpg,Toxic,4.131601622439325,1.261420753480399,3.873369402964612,Toxic
20250222_141531.jpg,Toxic,2.677335322267906,2.773208430480933,3.828172957282337,Deficient
20250222_141612.jpg,Toxic,3.9497983184147314,1.899569297642645,3.355568629445225,Toxic
20250222_141615.jpg,Toxic,2.817404725710656,1.38924502364153,3.9739837046926616,Toxic
20250222_141619.jpg,Toxic,2.6308332882747227,1.7355187017545792,2.633446998400789,Toxic
20250222_141623.jpg,Toxic,2.8880393570088194,1.828259505057854,3.888305050759618,Toxic
20250222_141626.jpg,Toxic,2.4041336224924263,2.655075791133749,1.2268151218502523,Toxic
20250222_141638.jpg,Toxic,3.742828140528753,2.4672287611228043,2.097042244784114,Toxic
20250222_141642.jpg,Toxic,3.0081611702774373,2.53860978728268,1.6761438040202976,Toxic
20250222_141645.jpg,Toxic,2.196638085440452,1.0220625288572944,1.58749925240281,Toxic
20250222_141648.jpg,Toxic,4.198723719823706,1.832307996359523,1.4224088466780282,Toxic
20250222_141651.jpg,Toxic,2.651673664119634,1.9626883032706472,2.86724092469799,Deficient
20250222_141700.jpg,Toxic,3.130658583341966,1.0383845536461134,3.343965567241915,Toxic
20250222_141703.jpg,Toxic,4.2194163328936405,1.5196264174900684,2.734895198261082,Toxic
20250222_141706.jpg,Toxic,3.3727139877419763,2.5205796462442702,1.440888128764629,Toxic
20250222_141709.jpg,Toxic,1.850694122125092,1.274219411457998,3.4333713098004126,Toxic
20250222_141714.jpg,Toxic,4.319496370840426,2.0706202629051838,2.9078641214911856,Deficient
20250222_141718.jpg,Toxic,3.383124159214254,1.430403744034475,2.1644971183809867,Toxic
20250222_141721.jpg,Toxic,2.5047168439712584,1.0242415492877863,3.0223908866081888,Toxic
20250222_142740.jpg,Toxic,1.9178162179901617,1.482402915199083,1.7797149377284986,Toxic
20250222_142745.jpg,Toxic,3.882075567810888,2.951747509820108,2.035576625482632,Toxic
20250222_142748.jpg,Toxic,3.360218267785541,2.6030742237659794,3.7524575293959703,Deficient
20250222_142751.jpg,Toxic,3.1003832759289645,2.919153288642067,1.8715135170142607,Toxic
20250222_142755.jpg,Toxic,4.181677749152873,1.975708087852725,2.40996480447381,Toxic
20250222_142758.jpg,Toxic,3.865791633673593,1.219472397355007,3.670423412188044,Toxic
20250222_142801.jpg,Toxic,1.955024639198253,2.095918977947386,3.123164050802582,Toxic
20250222_142808.jpg,Toxic,2.4351662033866446,1.9087546691199215,1.1866096784941085,Toxic
20250222_142811.jpg,Toxic,2.245467419443397,2.688714165479232,1.4419091328369111,Toxic
20250222_142816.jpg,Toxic,3.731838877718031,1.1961651615684892,1.0235247723157506,Toxic
20250222_142819.jpg,Toxic,1.600597304207338,1.9764822740435564,2.8927653706874903,Toxic
20250222_142822.jpg,Toxic,3.2096690546139497,1.3000973293879683,2.343020276231255,Toxic
20250222_142825.jpg,Toxic,3.787376057222072,1.64935185378012,1.4028245527068266,Toxic
20250222_142831.jpg,Toxic,4.1302969102852485,2.474714154775599,3.873802363170311,Deficient
20250222_142835.jpg,Toxic,2.5262452461477225,1.952036258737533,2.5889791718368595,Deficient
20250222_142839.jpg,Toxic,3.9637719140160383,1.7517765702915389,1.7256798823386674,Toxic
20250222_142842.jpg,Toxic,1.8318952108656217,1.7889525571400706,2.5018107134641228,Toxic
20250222_142846.jpg,Toxic,4.039356875203555,1.9188935368119733,3.0388609982053234,Deficient
20250222_142850.jpg,Toxic,1.8824659869959472,2.5700330876741138,1.2287176539206934,Toxic
20250222_142854.jpg,Toxic,2.691861871681102,2.7841693778804686,1.824111445143676,Toxic
20250222_142912.jpg,Toxic,3.891886097338661,2.910669373007857,3.4208964726519806,Healthy
IMG20250224022306.jpg,Toxic,1.9497522820463211,2.57380677251059,2.378994611207984,Toxic
IMG20250224022327.jpg,Toxic,2.187754185697925,1.6308137914960257,2.6397314260968847,Toxic
IMG20250224022342.jpg,Toxic,3.666757705179199,2.3762694121730843,2.298448006628408,Toxic
IMG20250224022349.jpg,Toxic,3.660109609638223,1.875206248110784,1.1316998279290154,Toxic
IMG20250224022358.jpg,Toxic,3.423442898655892,1.5093412440921024,1.4972493394604678,Toxic
IMG20250224022412.jpg,Toxic,3.5818453334013,2.681743158851845,2.3366249162256727,Toxic
IMG20250224022420.jpg,Toxic,3.1281733300427885,1.07685269792465,1.6275563962237831,Toxic
IMG20250224022431.jpg,Toxic,2.2553971767208583,2.8035239842708477,1.1499370859790363,Toxic
IMG20250224022441.jpg,Toxic,2.5370879805117585,1.9229549292494683,3.530948992155471,Deficient
IMG20250224022501.jpg,Toxic,2.044793150404277,2.274402953616561,3.943577587492348,Toxic
IMG20250224022509.jpg,Toxic,4.225351684000885,2.3187078444115654,3.3794286219902183,Deficient
IMG20250224022837.jpg,Toxic,3.2501753842983616,2.790235481413073,3.561354765114001,Deficient
IMG20250224022850.jpg,Toxic,2.70255425029092,2.273339364334414,1.725931390951136,Toxic
IMG20250224022859.jpg,Toxic,2.886017410932398,2.2278671695201235,3.8818809265396,Deficient
IMG20250224022905.jpg,Toxic,4.341850018835446,1.13330408112138,1.5907771133602853,Toxic
IMG20250224022911.jpg,Toxic,1.9600542093482405,2.036816043890408,3.8542894310854967,Toxic
IMG20250224022921.jpg,Toxic,3.258689496050392,1.3003380016340833,3.984457881897853,Toxic
IMG20250224022938.jpg,Toxic,3.017666036653398,2.474867537442971,3.1351684172381464,Deficient
IMG20250224022946.jpg,Toxic,3.3343627063039434,2.0244438416253487,3.9434311953754655,Deficient
IMG20250224023001.jpg,Toxic,1.5543305514625216,2.360455558416706,2.708619338701311,Toxic
IMG20250224023006.jpg,Toxic,4.116371726832455,1.0833458012047683,1.7786253495282711,Toxic
IMG20250224023013.jpg,Toxic,4.2963548474508375,1.1695840320916064,2.3109876569968626,Toxic
IMG20250224023246.jpg,Toxic,3.1953995507676267,2.4326467761253645,2.7806828061363578,Deficient
IMG20250224023248.jpg,Toxic,3.589952471630677,1.1441686719973467,1.219244686081045,Toxic
20250216_165326.jpg,Toxic,4.267498143531887,1.1425134555305172,2.867029793851738,Toxic
20250216_165331.jpg,Toxic,3.621715902940196,1.024216950469775,3.9435335102868834,Toxic
20250216_165337.jpg,Toxic,1.957617128742784,2.91300279659896,1.570322949351183,Toxic
20250216_165359.jpg,Toxic,3.2288650805004395,2.475016718918014,3.37778534886515,Deficient
20250216_165423.jpg,Toxic,3.3201451391485675,1.7065028170041283,3.723696381338858,Toxic
20250216_165430.jpg,Toxic,2.772392013907158,1.5930711625753105,3.8311047784606624,Toxic
20250216_165438.jpg,Toxic,3.709332706874168,1.699406459491699,3.8804068132163416,Toxic
20250216_165542.jpg,Toxic,4.303101044307045,2.549307062362364,2.564378916164416,Deficient
20250216_165548.jpg,Toxic,4.2767055387203285,2.322741222140829,3.931923723974511,Deficient
20250216_165555.jpg,Toxic,2.8525181142123963,1.370391135734936,3.2719306214033166,Toxic
20250216_165648.jpg,Toxic,1.8397141375222656,1.3482186706681687,1.4850143087108858,Toxic
20250216_165656.jpg,Toxic,4.454523596887004,1.1967912994267946,2.43070031940391,Toxic
20250216_165703.jpg,Toxic,4.016694259337802,2.3206054394026765,3.154993526116012,Deficient
20250216_165724.jpg,Toxic,1.8739880436098004,2.528745324443472,1.74202094745725,Toxic
20250216_165825.jpg,Toxic,4.262525647852117,1.530092856650008,2.921845550646662,Toxic
20250216_165853.jpg,Toxic,4.109689086186385,1.0418899220618256,2.999801437139858,Toxic
20250216_165904.jpg,Toxic,3.0565141713782165,1.1643433349528547,1.4880992314256978,Toxic
20250216_165918.jpg,Toxic,3.2738263072347875,2.9357200696900607,2.6952559373582687,Deficient
20250216_165927.jpg,Toxic,2.6970081116103906,1.5908895549548403,3.314880732935823,Toxic
20250216_165952.jpg,Toxic,1.664284916466094,2.538446295676267,2.4966869936078258,Toxic
20250216_170126.jpg,Toxic,2.5055917249377027,2.2493271377085278,1.0363093503283225,Toxic
20250216_170131.jpg,Toxic,3.9085603457940334,1.7638792793057918,1.0271154072378763,Toxic
20250216_170157.jpg,Toxic,1.5138960690138086,1.4113745243911102,2.0710880319100364,Toxic
20250216_170203.jpg,Toxic,2.5004975150734325,1.2427728363188129,3.778582205295346,Toxic
20250216_170211.jpg,Toxic,2.69450608077283,2.230025936077733,1.6860303388108262,Toxic
20250216_170218.jpg,Toxic,3.1121868088137687,2.549267561275576,2.9030910666150613,Deficient
20250216_170231.jpg,Toxic,4.259566849238281,2.2878085070822616,1.6662276120799615,Toxic
20250216_170244.jpg,Toxic,2.5390379830978835,2.0606042664983164,1.965009968978646,Toxic
20250216_170428.jpg,Toxic,2.540859605688683,1.0839024468632723,3.544126268804452,Toxic
20250216_172217.jpg,Toxic,3.712503744329245,2.936977555188768,3.1865843268098404,Deficient
20250216_172225.jpg,Toxic,2.8566538226694216,2.597428383309149,1.286197831939632,Toxic
20250216_172349.jpg,Toxic,2.1738144688199457,1.5856440734019297,2.286106062959301,Toxic
20250216_172405.jpg,Toxic,2.85731854839808,2.9599406587177013,1.0875092909357935,Toxic
20250216_172413.jpg,Toxic,1.9225710611394,2.203763179272644,2.442670439809027,Toxic
20250216_172447.jpg,Toxic,2.02916095951867,2.164845316414493,2.9873020351032045,Toxic
20250216_172504.jpg,Toxic,2.9951033182184394,2.496146358859064,1.3555078707944546,Toxic
20250216_172515.jpg,Toxic,2.756776348513644,2.623539576180275,1.866654816727497,Toxic
20250216_172521.jpg,Toxic,4.2445377032043,2.312957214663005,2.1935098765064707,Toxic
20250216_172534.jpg,Toxic,2.5871816973499,1.2561914927324,3.758593073968149,Toxic
20250216_172548.jpg,Toxic,3.2417650508341302,1.6765350119889968,3.979765046268892,Toxic
20250216_172642.jpg,Toxic,3.396792863758592,2.8561672806520995,1.1347338969868477,Toxic
20250216_172658.jpg,Toxic,1.539283369765001,1.449231223687704,3.283023770486176,Toxic
20250216_172703.jpg,Toxic,3.490612116050132,1.7443340476750266,2.11517219920703,Toxic
20250216_172709.jpg,Toxic,2.0341079006092544,1.864153765888392,2.17737455868844,Toxic
20250216_172716.jpg,Toxic,4.383210952408366,1.8788099793889044,3.262794920041068,Toxic
20250216_172722.jpg,Toxic,1.9459881832593389,2.225879164989051,3.755279296436226,Toxic
20250216_172729.jpg,Toxic,2.7438723711810717,2.8861516754894154,3.852785783507645,Deficient
20250216_172817.jpg,Toxic,1.7560490042359316,1.48138542366501,2.7313677581149625,Toxic
20250216_172823.jpg,Toxic,4.490622755537842,1.243002752601836,2.0713634779015084,Toxic
20250216_172830.jpg,Toxic,3.006585030993728,1.3949409797198746,3.362647257576338,Toxic
20250216_172839.jpg,Toxic,3.2861550519601312,2.773849800418539,1.753004149786901,Toxic
20250216_172947.jpg,Toxic,1.7012294321652823,2.291621625310412,2.692222086500553,Toxic
20250216_173013.jpg,Toxic,3.749881411197533,1.5718135784783205,2.07573538457462,Toxic
20250216_173021.jpg,Toxic,2.129716779286757,2.6318938779372347,2.969893221123628,Toxic
20250216_173028.jpg,Toxic,4.194162868322142,2.722739992726872,1.7211967386805207,Toxic
20250216_173035.jpg,Toxic,2.1154189214460217,2.693028677380556,1.5747788372044773,Toxic
20250216_173044.jpg,Toxic,2.072063161991,2.837853067279109,3.754717260026311,Toxic
20250216_173055.jpg,Toxic,1.6096490035442843,1.5044820403467232,1.3054110488486108,Toxic
20250216_173102.jpg,Toxic,2.916200835329998,2.510083857492557,2.517873723204795,Deficient
20250216_173225.jpg,Toxic,3.1945233997878493,1.92107899454828,1.6625583488890268,Toxic
20250216_173231.jpg,Toxic,1.697125918285057,2.683997105780123,1.1167898899770023,Toxic
20250216_173237.jpg,Toxic,3.826582850085032,2.4569813543232266,1.108056454874279,Toxic
20250216_175127.jpg,Toxic,2.8598665042440827,2.5528948929994493,1.525665316317482,Toxic
20250216_175133.jpg,Toxic,3.07317080798274,2.3123236753621432,3.6003110635180007,Deficient
20250216_175140.jpg,Toxic,2.8222882408146845,1.3548575389394135,1.84743623193108,Toxic
20250216_175146.jpg,Toxic,2.702289182625978,2.0900538377938767,3.8513775117258873,Deficient
20250216_175204.jpg,Toxic,3.178920993924653,2.969339479049016,2.7448668789675805,Deficient
20250216_175210.jpg,Toxic,1.9657207377921373,2.8747761329942376,2.3098425693062983,Toxic
20250216_175301.jpg,Toxic,2.0457843914858134,1.0863474715940231,2.740266504008364,Toxic
20250216_175307.jpg,Toxic,4.085356863040552,1.3296296314588745,2.5500951556788034,Toxic
20250216_175341.jpg,Toxic,4.338346386400898,1.2634575469091238,3.276328761271976,Toxic
20250216_175410.jpg,Toxic,2.619927948839259,2.451959819970591,1.847488197918557,Toxic
20250216_175427.jpg,Toxic,2.312234019430661,2.63557065971389,2.059151174800907,Toxic
20250216_175540.jpg,Toxic,3.4319986297170475,1.4270227326213438,3.682282907599752,Toxic
20250216_175640.jpg,Toxic,2.726202513294289,2.011705385903658,3.8393695394512166,Deficient
20250216_175644.jpg,Toxic,1.5761590669810346,2.6814060560224,3.677674682459424,Toxic
20250216_175733.jpg,Toxic,1.968457792098571,2.465603089532501,2.2583439818719406,Toxic
20250216_175739.jpg,Toxic,3.647916686542192,2.084474410983697,3.341096509020645,Deficient
20250216_175744.jpg,Toxic,3.476771825730454,2.1806953809175456,2.4290071999032965,Toxic
20250216_175802.jpg,Toxic,1.5812879775104505,2.01672109383256,2.4926195564383065,Toxic
20250216_175903.jpg,Toxic,2.1659164857988484,1.5950969026376411,1.614040327171852,Toxic
20250216_175932.jpg,Toxic,2.193224389764214,2.130043985718032,2.773390909775549,Toxic
20250216_180002.jpg,Toxic,3.515678230796185,2.3777706041001814,1.558407693260044,Toxic
20250216_180037.jpg,Toxic,1.5591316132630926,2.746645831721615,1.9946940972015812,Toxic
20250216_180106.jpg,Toxic,1.8123257459537212,2.272582707958496,3.565090604859805,Toxic
20250216_180139.jpg,Toxic,3.899748256119568,2.522243074086316,1.6212274276325656,Toxic
20250216_180302.jpg,Toxic,2.035633986163001,1.320143269909146,1.2134748555202983,Toxic
20250216_180319.jpg,Toxic,3.458238323555624,1.92311494883958,1.207022777838449,Toxic
20250216_180326.jpg,Toxic,2.21454834314018,1.0186632396541866,3.822353561509324,Toxic
20250216_180333.jpg,Toxic,1.7983241782780357,1.493357729043246,2.520761313885504,Toxic
20250216_180341.jpg,Toxic,2.2295165729983624,2.4529234302260097,2.228236215451055,Toxic
20250216_180347.jpg,Toxic,3.6668007955669775,2.983619902698727,3.4326357430237557,Deficient
20250216_180447.jpg,Toxic,4.067089404318857,1.1983561991744318,3.507477783731548,Toxic
20250216_180457.jpg,Toxic,3.990659593700975,1.8029886317225765,1.9965730993468136,Toxic
20250216_180519.jpg,Toxic,2.6915505888553644,2.600141937398319,3.0808541724213856,Deficient
20250216_180601.jpg,Toxic,3.5042554097119387,1.4080712692577977,3.31336844755566,Toxic
20250216_180608.jpg,Toxic,2.1149528862474627,2.1101698986045725,2.9639520605978635,Toxic
20250216_180623.jpg,Toxic,2.37944319078304,2.4661425920593496,1.454785224400298,Toxic
20250216_181258.jpg,Toxic,4.18900745556336,2.2319709005203583,3.627649250551171,Deficient
20250216_181303.jpg,Toxic,1.5390057705322082,1.3760494692308325,2.6172836582080263,Toxic
20250216_181401.jpg,Toxic,1.7565255925634042,1.7107691373714788,1.8474172791100112,Toxic
20250216_181417.jpg,Toxic,2.123658765438082,2.5675835689707944,2.275684556313082,Toxic
20250216_181514.jpg,Toxic,1.5795966116214593,2.108453028264033,1.1127132711967225,Toxic
20250216_181535.jpg,Toxic,2.044306305269392,1.0104592270858257,1.383600403667253,Toxic
20250216_181540.jpg,Toxic,3.2491246829090765,2.521981520056188,3.296640251547583,Deficient
20250216_181546.jpg,Toxic,2.764273651777494,1.070622709880478,1.0000349042660983,Toxic
20250216_181552.jpg,Toxic,4.178015133230924,2.4914675654624645,2.2496974854468768,Toxic
20250216_181558.jpg,Toxic,3.9523306852153226,1.4049611203304748,2.567530543256765,Toxic
20250222_145838.jpg,Toxic,2.525452055093628,2.9161469602387604,1.1639032600029169,Toxic
20250222_145855.jpg,Toxic,2.2782703002938773,1.735881502604169,3.919234488916999,Toxic
20250222_145912.jpg,Toxic,2.6390772245018006,1.6538632326761582,1.678375993749016,Toxic
20250222_145923.jpg,Toxic,3.270884827544424,1.2977761006648894,1.9125961589088427,Toxic
20250222_145937.jpg,Toxic,2.3041909224686288,1.6112084309804298,1.9118275367650817,Toxic
20250222_145951.jpg,Toxic,3.372446723547402,2.7533015236564014,1.6912499863520498,Toxic
20250222_150001.jpg,Toxic,2.728234956573721,2.992668675254494,1.0044214662589344,Toxic
20250222_150033.jpg,Toxic,3.1561415425559405,1.736619061013697,3.188034382263989,Toxic
20250222_150050.jpg,Toxic,2.80837958740595,1.897221261909085,3.900536499397856,Toxic
20250222_150105.jpg,Toxic,2.383397278625753,2.444141876405474,1.672880449855135,Toxic
20250222_150120.jpg,Toxic,4.3453599208864695,2.7723915609301493,2.989141575410267,Deficient
20250222_150132.jpg,Toxic,3.7908173824792826,2.1860886683735683,3.225688980876145,Deficient
20250222_150148.jpg,Toxic,1.9203395272993575,1.783051396355659,3.545276137271574,Toxic
20250222_150157.jpg,Toxic,4.105403927693739,1.8252436816972477,2.267887591040828,Toxic
20250222_150213.jpg,Toxic,2.962293594748541,2.391236292993613,1.908792716921288,Toxic
20250222_150226.jpg,Toxic,4.183656680682274,1.0064365272085574,1.9758854020690932,Toxic
20250222_150246.jpg,Toxic,3.8995657678419455,2.2391786749196814,3.1378639992955386,Deficient
20250222_150258.jpg,Toxic,2.7756405134077005,1.7109860208827148,3.450338399516908,Toxic
20250222_150318.jpg,Toxic,1.567407924960352,2.5883946625541685,1.544841903269808,Toxic
20250222_150329.jpg,Toxic,2.3060320781548382,1.1859812796462643,2.1128230244732955,Toxic
IMG20250224030702.jpg,Toxic,3.1249026439826006,2.176404533896781,3.70582059024745,Deficient
IMG20250224030807.jpg,Toxic,3.400434659478442,1.9619457797722475,3.4200805590842176,Deficient
IMG20250224030815.jpg,Toxic,2.2736630562996067,2.284651051810455,3.954575208287428,Toxic
IMG20250224030827.jpg,Toxic,1.9180682222184724,1.1297071889659367,3.2627447790462423,Toxic
IMG20250224030833.jpg,Toxic,4.004790710397897,2.1599675748562626,2.179585603083767,Toxic
IMG20250224031456.jpg,Toxic,4.453206542110657,2.122969175919048,2.771913501983913,Deficient
IMG20250224031506.jpg,Toxic,3.077070546908057,2.1213201888323416,2.983042762741961,Deficient
IMG20250224031515.jpg,Toxic,2.0150378575449106,2.2069753331929096,1.2353674489513715,Toxic
IMG20250224031522.jpg,Toxic,2.316921979558107,2.3529358744527245,2.633490877311595,Toxic
IMG20250224031543.jpg,Toxic,1.5551720296424003,2.6099779993615395,3.1279624854178287,Toxic
IMG20250224031553.jpg,Toxic,4.242896419681497,1.539641440256429,1.5019639120031811,Toxic
IMG20250224032215.jpg,Toxic,1.8532532486704236,2.650098820360124,3.3418951522766718,Toxic
IMG20250224032255.jpg,Toxic,3.2295494265427607,1.9965113645269077,2.751318341542335,Deficient
IMG20250224032320.jpg,Toxic,2.322165662061618,1.1541165582686623,3.856665357092784,Toxic
IMG20250224032329.jpg,Toxic,3.1625340075473805,1.1171018584879584,1.127266894620675,Toxic
IMG20250224032351.jpg,Toxic,3.454261165055593,1.6684766373921216,1.795978412666401,Toxic
IMG20250224032402.jpg,Toxic,3.989225411121605,2.569793954222935,2.804661637899472,Deficient
IMG20250224032422.jpg,Toxic,2.1192638152818097,2.4153618694818317,1.889679736617792,Toxic
IMG20250224032429.jpg,Toxic,1.5329874859754415,2.5772299293448127,3.1432724922137267,Toxic
IMG20250224032432.jpg,Toxic,1.9106568902064216,2.0345381128832187,3.277015847565793,Toxic
IMG20250224032455.jpg,Toxic,4.200055925544316,1.880397995910981,1.3075478921994232,Toxic
IMG20250224032502.jpg,Toxic,4.121670232687546,1.294905053412568,2.5415633926203034,Toxic
IMG20250224032508.jpg,Toxic,3.292239306510925,1.656385507218623,2.526671666773168,Toxic
IMG20250224032520.jpg,Toxic,3.30155058130096,1.8680387323477503,2.1078423106466238,Toxic
IMG20250224032540.jpg,Toxic,3.4951100236387664,1.1772008593592345,3.798774587709016,Toxic
IMG20250224032551.jpg,Toxic,2.0261138358703485,1.4412239054224223,3.4825189596196635,Toxic
IMG20250224032948.jpg,Toxic,4.243235837774879,2.196450588127478,3.0916281457289103,Deficient
IMG20250224032959.jpg,Toxic,2.7563115746762192,2.47132622847838,3.1429799072049924,Deficient
IMG20250224033004.jpg,Toxic,2.6494155847484926,2.9966950227858997,2.385148431439357,Toxic
IMG20250224033010.jpg,Toxic,3.0567531158485126,2.866226662687115,3.762983563289728,Deficient
IMG20250224033015.jpg,Toxic,1.6408979003251651,2.285130399070383,3.0837862817598563,Toxic
IMG20250224033022.jpg,Toxic,1.9988501062682384,1.842496106588144,3.186943184967449,Toxic
IMG20250224033032.jpg,Toxic,3.714100849279111,2.272354729416465,3.585072711362036,Deficient
IMG20250224033045.jpg,Toxic,1.7483960037753794,2.571303236160464,1.822214768026573,Toxic
IMG20250224033049.jpg,Toxic,3.3094563283991647,1.2366723818467746,3.421212711600109,Toxic
IMG20250224033053.jpg,Toxic,2.236047329043963,1.8198097793925765,1.5857218088694762,Toxic
IMG20250224033058.jpg,Toxic,2.6678868421259296,2.679604571271234,2.036025856734664,Toxic
IMG20250224033102.jpg,Toxic,2.3660812103121,1.767665903866088,2.006831362809528,Toxic
IMG20250224033110.jpg,Toxic,2.567018149394848,2.143744542454373,3.9355764051674216,Deficient
IMG20250224033114.jpg,Toxic,3.6571377155527367,2.175538721724396,3.5696116712437806,Deficient
IMG20250224033117.jpg,Toxic,2.391365146869525,1.3689525062672787,3.103509584770779,Toxic
IMG20250224033120.jpg,Toxic,3.199213920890692,1.7244708833045768,3.1811702848461705,Toxic
IMG20250224033336.jpg,Toxic,2.928151206597299,1.6690225774838643,2.6862183832077133,Toxic
IMG20250224033339.jpg,Toxic,3.4910134960879446,1.0523934170641296,3.8412720013255575,Toxic
IMG20250224033342.jpg,Toxic,4.310489217974274,1.0483835277827105,2.4887762586470847,Toxic
IMG20250224033345.jpg,Toxic,3.697716291630751,2.6633940873515467,2.1415531296096835,Toxic
IMG20250224033355.jpg,Toxic,2.14482113577227,1.5461416199456248,1.4891060107947731,Toxic
IMG20250224033405.jpg,Toxic,1.593549405183854,2.036157532477631,3.358616956783174,Toxic
IMG20250224033409.jpg,Toxic,2.286792132899475,1.597451147177546,3.203331796226774,Toxic
IMG20250224033431.jpg,Toxic,3.2852337921007644,2.881358490230681,2.1530651155724048,Toxic
IMG20250224033437.jpg,Toxic,1.6542774404527512,1.5185935177315475,1.075580241877688,Toxic
IMG20250224033441.jpg,Toxic,2.989098741603709,1.8593136254778704,3.516991983154032,Toxic
IMG20250224033444.jpg,Toxic,3.2905285467506675,2.7454605009692035,1.034253950362221,Toxic
IMG20250224033449.jpg,Toxic,2.5027316724508823,2.6838671335836173,3.111099338887153,Deficient
IMG20250224033452.jpg,Toxic,3.8127366112374657,1.3722028356925546,3.9107713291781714,Toxic
IMG20250224033457.jpg,Toxic,1.8197947594013155,2.605286619591421,2.3129839844446103,Toxic
IMG20250224033500.jpg,Toxic,1.7254133452074265,1.9163737734757853,1.7049202149878582,Toxic
IMG20250224103512.jpg,Toxic,3.6845662686108094,1.9659377441707104,3.114613030130145,Deficient
IMG20250224103516.jpg,Toxic,2.9864739486185954,1.2669599448318876,3.451384426046755,Toxic
IMG20250224103521.jpg,Toxic,3.565207189283208,1.1612030275142493,2.639290948233542,Toxic
IMG20250224103523.jpg,Toxic,2.8044820158112387,2.4558786139475304,3.901105825768439,Deficient
IMG20250224103527.jpg,Toxic,2.2392060997173204,1.9929223047105995,1.1550061649738832,Toxic
IMG20250224103540.jpg,Toxic,3.957306953022599,1.873701405230359,2.5143867949135843,Toxic
IMG20250224103543.jpg,Toxic,3.898247636906938,2.459016457304793,3.1553618419676503,Deficient
IMG20250224103547.jpg,Toxic,3.58408941256328,2.5310257979822195,3.587921413447537,Deficient
IMG20250224103550.jpg,Toxic,2.316435411689888,1.3178163353387071,1.53776683572337,Toxic
IMG20250224103558.jpg,Toxic,3.2706920006072613,2.2204502989552823,3.400010445291044,Deficient
IMG20250224104116.jpg,Toxic,2.5829216908200805,1.270708164555371,2.658121227155636,Toxic
IMG20250224104121.jpg,Toxic,1.7747462199799025,2.502750172058091,2.1896610459698898,Toxic
IMG20250224104123.jpg,Toxic,4.251940726386728,2.3139103125342797,1.395145085737281,Toxic
IMG20250224104126.jpg,Toxic,1.910455892756884,2.913229242166916,3.5958872767267374,Toxic
IMG20250224104130.jpg,Toxic,4.350712061462407,1.1379160327128424,1.4718196245391462,Toxic
